"","subj_numeric"
"1",1
"2",1
"3",1
"4",1
"5",1
"6",2
"7",2
"8",2
"9",2
"10",2
"11",3
"12",3
"13",3
"14",3
"15",3
"16",4
"17",4
"18",4
"19",4
"20",4
"21",5
"22",5
"23",5
"24",5
"25",5
"26",6
"27",6
"28",6
"29",6
"30",6
"31",7
"32",7
"33",7
"34",7
"35",7
"36",8
"37",8
"38",8
"39",8
"40",8
"41",9
"42",9
"43",9
"44",9
"45",9
"46",10
"47",10
"48",10
"49",10
"50",10
"51",11
"52",11
"53",11
"54",11
"55",11
"56",12
"57",12
"58",12
"59",12
"60",12
"61",13
"62",13
"63",13
"64",13
"65",13
"66",14
"67",14
"68",14
"69",14
"70",14
"71",15
"72",15
"73",15
"74",15
"75",15
"76",16
"77",16
"78",16
"79",16
"80",16
"81",17
"82",17
"83",17
"84",17
"85",17
"86",18
"87",18
"88",18
"89",18
"90",18
"91",19
"92",19
"93",19
"94",19
"95",19
"96",20
"97",20
"98",20
"99",20
"100",20
"101",21
"102",21
"103",21
"104",21
"105",22
"106",22
"107",22
"108",22
"109",22
"110",23
"111",23
"112",23
"113",23
"114",23
"115",24
"116",24
"117",24
"118",24
"119",24
"120",25
"121",25
"122",25
"123",25
"124",25
"125",26
"126",26
"127",26
"128",26
"129",26
"130",27
"131",27
"132",27
"133",27
"134",27
"135",28
"136",28
"137",28
"138",28
"139",28
"140",29
"141",29
"142",29
"143",29
"144",29
"145",30
"146",30
"147",30
"148",30
"149",30
"150",31
"151",31
"152",31
"153",31
"154",31
"155",32
"156",32
"157",32
"158",32
"159",32
"160",33
"161",33
"162",33
"163",33
"164",33
"165",34
"166",34
"167",34
"168",34
"169",34
"170",35
"171",35
"172",35
"173",35
"174",35
"175",36
"176",36
"177",36
"178",36
"179",36
"180",37
"181",37
"182",37
"183",37
"184",37
"185",38
"186",38
"187",38
"188",38
"189",38
"190",39
"191",39
"192",39
"193",39
"194",39
"195",40
"196",40
"197",40
"198",40
"199",40
"200",41
"201",41
"202",41
"203",41
"204",41
"205",42
"206",42
"207",42
"208",42
"209",42
"210",43
"211",43
"212",43
"213",43
"214",43
"215",44
"216",44
"217",44
"218",44
"219",44
"220",45
"221",45
"222",45
"223",45
"224",45
"225",46
"226",46
"227",46
"228",46
"229",46
"230",47
"231",47
"232",47
"233",47
"234",47
"235",48
"236",48
"237",48
"238",48
"239",48
"240",49
"241",49
"242",49
"243",49
"244",49
"245",50
"246",50
"247",50
"248",50
"249",50
"250",51
"251",51
"252",51
"253",51
"254",51
"255",52
"256",52
"257",52
"258",52
"259",52
"260",53
"261",53
"262",53
"263",53
"264",53
"265",54
"266",54
"267",54
"268",54
"269",54
"270",55
"271",55
"272",55
"273",55
"274",55
"275",56
"276",56
"277",56
"278",56
"279",56
"280",57
"281",57
"282",57
"283",57
"284",57
"285",58
"286",58
"287",58
"288",58
"289",58
"290",59
"291",59
"292",59
"293",59
"294",59
"295",60
"296",60
"297",60
"298",60
"299",60
"300",61
"301",61
"302",61
"303",61
"304",61
"305",62
"306",62
"307",62
"308",62
"309",62
"310",63
"311",63
"312",63
"313",63
"314",63
"315",64
"316",64
"317",64
"318",64
"319",64
"320",65
"321",65
"322",65
"323",65
"324",65
"325",66
"326",66
"327",66
"328",66
"329",66
"330",67
"331",67
"332",67
"333",67
"334",67
"335",68
"336",68
"337",68
"338",68
"339",68
"340",69
"341",69
"342",69
"343",69
"344",69
"345",70
"346",70
"347",70
"348",70
"349",70
"350",71
"351",71
"352",71
"353",71
"354",71
"355",72
"356",72
"357",72
"358",72
"359",72
"360",73
"361",73
"362",73
"363",73
"364",73
"365",74
"366",74
"367",74
"368",74
"369",74
"370",75
"371",75
"372",75
"373",75
"374",75
"375",76
"376",76
"377",76
"378",76
"379",76
"380",77
"381",77
"382",77
"383",77
"384",77
"385",78
"386",78
"387",78
"388",78
"389",78
"390",79
"391",79
"392",79
"393",79
"394",79
"395",80
"396",80
"397",80
"398",80
"399",80
"400",81
"401",81
"402",81
"403",81
"404",81
"405",82
"406",82
"407",82
"408",82
"409",82
"410",83
"411",83
"412",83
"413",83
"414",83
"415",84
"416",84
"417",84
"418",84
"419",84
"420",85
"421",85
"422",85
"423",85
"424",85
"425",86
"426",86
"427",86
"428",86
"429",86
"430",87
"431",87
"432",87
"433",87
"434",87
"435",88
"436",88
"437",88
"438",88
"439",88
"440",89
"441",89
"442",89
"443",89
"444",89
"445",90
"446",90
"447",90
"448",90
"449",90
"450",91
"451",91
"452",91
"453",91
"454",91
"455",92
"456",92
"457",92
"458",92
"459",92
"460",93
"461",93
"462",93
"463",93
"464",93
"465",94
"466",94
"467",94
"468",94
"469",94
"470",95
"471",95
"472",95
"473",95
"474",95
"475",96
"476",96
"477",96
"478",96
"479",96
"480",97
"481",97
"482",97
"483",97
"484",97
"485",98
"486",98
"487",98
"488",98
"489",98
"490",99
"491",99
"492",99
"493",99
"494",99
"495",100
"496",100
"497",100
"498",100
"499",100
"500",101
"501",101
"502",101
"503",101
"504",101
"505",102
"506",102
"507",102
"508",102
"509",102
"510",103
"511",103
"512",103
"513",103
"514",103
"515",104
"516",104
"517",104
"518",104
"519",104
"520",105
"521",105
"522",105
"523",105
"524",105
"525",106
"526",106
"527",106
"528",106
"529",106
"530",107
"531",107
"532",107
"533",107
"534",107
"535",108
"536",108
"537",108
"538",108
"539",108
"540",109
"541",109
"542",109
"543",109
"544",109
"545",110
"546",110
"547",110
"548",110
"549",110
"550",111
"551",111
"552",111
"553",111
"554",111
"555",112
"556",112
"557",112
"558",112
"559",112
"560",113
"561",113
"562",113
"563",113
"564",113
"565",114
"566",114
"567",114
"568",114
"569",114
"570",115
"571",115
"572",115
"573",115
"574",115
"575",116
"576",116
"577",116
"578",116
"579",116
"580",117
"581",117
"582",117
"583",117
"584",117
"585",118
"586",118
"587",118
"588",118
"589",118
"590",119
"591",119
"592",119
"593",119
"594",119
"595",120
"596",120
"597",120
"598",120
"599",120
"600",121
"601",121
"602",121
"603",121
"604",121
"605",122
"606",122
"607",122
"608",122
"609",122
"610",123
"611",123
"612",123
"613",123
"614",123
"615",124
"616",124
"617",124
"618",124
"619",124
"620",125
"621",125
"622",125
"623",125
"624",125
"625",126
"626",126
"627",126
"628",126
"629",126
"630",127
"631",127
"632",127
"633",127
"634",127
"635",128
"636",128
"637",128
"638",128
"639",128
"640",129
"641",129
"642",129
"643",129
"644",129
"645",130
"646",130
"647",130
"648",130
"649",130
"650",131
"651",131
"652",131
"653",131
"654",131
"655",132
"656",132
"657",132
"658",132
"659",132
"660",133
"661",133
"662",133
"663",133
"664",133
"665",134
"666",134
"667",134
"668",134
"669",134
"670",135
"671",135
"672",135
"673",135
"674",135
"675",136
"676",136
"677",136
"678",136
"679",136
"680",137
"681",137
"682",137
"683",137
"684",137
"685",138
"686",138
"687",138
"688",138
"689",138
"690",139
"691",139
"692",139
"693",139
"694",139
"695",140
"696",140
"697",140
"698",140
"699",140
"700",141
"701",141
"702",141
"703",141
"704",141
"705",142
"706",142
"707",142
"708",142
"709",142
"710",143
"711",143
"712",143
"713",143
"714",143
"715",144
"716",144
"717",144
"718",144
"719",144
"720",145
"721",145
"722",145
"723",145
"724",145
"725",146
"726",146
"727",146
"728",146
"729",146
"730",147
"731",147
"732",147
"733",147
"734",147
"735",148
"736",148
"737",148
"738",148
"739",148
"740",149
"741",149
"742",149
"743",149
"744",149
"745",150
"746",150
"747",150
"748",150
"749",150
"750",151
"751",151
"752",151
"753",151
"754",151
"755",152
"756",152
"757",152
"758",152
"759",152
"760",153
"761",153
"762",153
"763",153
"764",153
"765",154
"766",154
"767",154
"768",154
"769",154
"770",155
"771",155
"772",155
"773",155
"774",155
"775",156
"776",156
"777",156
"778",156
"779",156
"780",157
"781",157
"782",157
"783",157
"784",157
"785",158
"786",158
"787",158
"788",158
"789",158
"790",159
"791",159
"792",159
"793",159
"794",159
"795",160
"796",160
"797",160
"798",160
"799",160
"800",161
"801",161
"802",161
"803",161
"804",161
"805",162
"806",162
"807",162
"808",162
"809",162
"810",163
"811",163
"812",163
"813",163
"814",163
"815",164
"816",164
"817",164
"818",164
"819",164
"820",165
"821",165
"822",165
"823",165
"824",165
"825",166
"826",166
"827",166
"828",166
"829",166
"830",167
"831",167
"832",167
"833",167
"834",167
"835",168
"836",168
"837",168
"838",168
"839",168
"840",169
"841",169
"842",169
"843",169
"844",169
"845",170
"846",170
"847",170
"848",170
"849",170
"850",171
"851",171
"852",171
"853",171
"854",171
"855",172
"856",172
"857",172
"858",172
"859",172
"860",172
"861",173
"862",173
"863",173
"864",173
"865",173
"866",174
"867",174
"868",174
"869",174
"870",174
"871",175
"872",175
"873",175
"874",175
"875",175
"876",176
"877",176
"878",176
"879",176
"880",176
"881",177
"882",177
"883",177
"884",177
"885",177
"886",178
"887",178
"888",178
"889",178
"890",178
"891",179
"892",179
"893",179
"894",179
"895",179
"896",180
"897",180
"898",180
"899",180
"900",180
"901",181
"902",181
"903",181
"904",181
"905",181
"906",182
"907",182
"908",182
"909",182
"910",182
"911",183
"912",183
"913",183
"914",183
"915",183
"916",184
"917",184
"918",184
"919",184
"920",184
"921",185
"922",185
"923",185
"924",185
"925",185
"926",186
"927",186
"928",186
"929",186
"930",186
"931",187
"932",187
"933",187
"934",187
"935",187
"936",188
"937",188
"938",188
"939",188
"940",188
"941",189
"942",189
"943",189
"944",189
"945",189
"946",190
"947",190
"948",190
"949",190
"950",190
"951",191
"952",191
"953",191
"954",191
"955",191
"956",192
"957",192
"958",192
"959",192
"960",192
"961",193
"962",193
"963",193
"964",193
"965",193
"966",194
"967",194
"968",194
"969",194
"970",194
"971",195
"972",195
"973",195
"974",195
"975",195
"976",196
"977",196
"978",196
"979",196
"980",196
"981",197
"982",197
"983",197
"984",197
"985",197
"986",198
"987",198
"988",198
"989",198
"990",198
"991",199
"992",199
"993",199
"994",199
"995",199
"996",200
"997",200
"998",200
"999",200
"1000",200
"1001",201
"1002",201
"1003",201
"1004",201
"1005",201
"1006",202
"1007",202
"1008",202
"1009",202
"1010",202
"1011",203
"1012",203
"1013",203
"1014",203
"1015",203
"1016",204
"1017",204
"1018",204
"1019",204
"1020",204
"1021",205
"1022",205
"1023",205
"1024",205
"1025",205
"1026",206
"1027",206
"1028",206
"1029",206
"1030",206
"1031",207
"1032",207
"1033",207
"1034",207
"1035",207
"1036",208
"1037",208
"1038",208
"1039",208
"1040",208
"1041",209
"1042",209
"1043",209
"1044",209
"1045",209
"1046",210
"1047",210
"1048",210
"1049",210
"1050",210
"1051",211
"1052",211
"1053",211
"1054",212
"1055",212
"1056",212
"1057",212
"1058",212
"1059",213
"1060",213
"1061",213
"1062",213
"1063",213
"1064",214
"1065",214
"1066",214
"1067",214
"1068",214
"1069",215
"1070",215
"1071",215
"1072",215
"1073",215
"1074",216
"1075",216
"1076",216
"1077",216
"1078",216
"1079",217
"1080",217
"1081",217
"1082",217
"1083",217
"1084",218
"1085",218
"1086",218
"1087",218
"1088",218
"1089",219
"1090",219
"1091",219
"1092",219
"1093",219
"1094",220
"1095",220
"1096",220
"1097",220
"1098",220
"1099",221
"1100",221
"1101",221
"1102",221
"1103",221
"1104",222
"1105",222
"1106",222
"1107",222
"1108",222
"1109",223
"1110",223
"1111",223
"1112",223
"1113",223
"1114",224
"1115",224
"1116",224
"1117",224
"1118",224
"1119",225
"1120",225
"1121",225
"1122",225
"1123",225
"1124",226
"1125",226
"1126",226
"1127",226
"1128",226
"1129",227
"1130",227
"1131",227
"1132",227
"1133",227
"1134",228
"1135",228
"1136",228
"1137",228
"1138",228
"1139",229
"1140",229
"1141",229
"1142",229
"1143",229
"1144",230
"1145",230
"1146",230
"1147",230
"1148",230
"1149",231
"1150",231
"1151",231
"1152",231
"1153",231
"1154",232
"1155",232
"1156",232
"1157",232
"1158",232
"1159",233
"1160",233
"1161",233
"1162",233
"1163",233
"1164",234
"1165",234
"1166",234
"1167",234
"1168",234
"1169",235
"1170",235
"1171",235
"1172",235
"1173",235
"1174",236
"1175",236
"1176",236
"1177",236
"1178",236
"1179",237
"1180",237
"1181",237
"1182",237
"1183",237
"1184",238
"1185",238
"1186",238
"1187",238
"1188",238
"1189",239
"1190",239
"1191",239
"1192",239
"1193",239
"1194",240
"1195",240
"1196",240
"1197",240
"1198",240
"1199",241
"1200",241
"1201",241
"1202",241
"1203",241
"1204",242
"1205",242
"1206",242
"1207",242
"1208",242
"1209",243
"1210",243
"1211",243
"1212",243
"1213",243
"1214",244
"1215",244
"1216",244
"1217",244
"1218",244
"1219",245
"1220",245
"1221",245
"1222",245
"1223",245
"1224",246
"1225",246
"1226",246
"1227",246
"1228",246
"1229",247
"1230",247
"1231",247
"1232",247
"1233",247
"1234",248
"1235",248
"1236",248
"1237",248
"1238",248
"1239",249
"1240",249
"1241",249
"1242",249
"1243",249
"1244",250
"1245",250
"1246",250
"1247",250
"1248",250
"1249",251
"1250",251
"1251",251
"1252",251
"1253",251
"1254",252
"1255",252
"1256",252
"1257",252
"1258",252
"1259",253
"1260",253
"1261",253
"1262",253
"1263",253
"1264",254
"1265",254
"1266",254
"1267",254
"1268",254
"1269",255
"1270",255
"1271",255
"1272",255
"1273",255
"1274",256
"1275",256
"1276",256
"1277",256
"1278",256
"1279",257
"1280",257
"1281",257
"1282",257
"1283",257
"1284",258
"1285",258
"1286",258
"1287",258
"1288",258
"1289",259
"1290",259
"1291",259
"1292",259
"1293",259
"1294",260
"1295",260
"1296",260
"1297",260
"1298",260
"1299",261
"1300",261
"1301",261
"1302",261
"1303",261
"1304",262
"1305",262
"1306",262
"1307",262
"1308",262
"1309",263
"1310",263
"1311",263
"1312",263
"1313",263
"1314",264
"1315",264
"1316",264
"1317",264
"1318",264
"1319",265
"1320",265
"1321",265
"1322",265
"1323",265
"1324",266
"1325",267
"1326",267
"1327",267
"1328",267
"1329",267
"1330",268
"1331",268
"1332",268
"1333",268
"1334",268
"1335",269
"1336",269
"1337",269
"1338",269
"1339",269
"1340",270
"1341",270
"1342",270
"1343",270
"1344",270
"1345",271
"1346",271
"1347",271
"1348",271
"1349",271
"1350",272
"1351",272
"1352",272
"1353",272
"1354",272
"1355",273
"1356",273
"1357",273
"1358",273
"1359",273
"1360",274
"1361",274
"1362",274
"1363",274
"1364",274
"1365",275
"1366",275
"1367",275
"1368",275
"1369",275
"1370",276
"1371",276
"1372",276
"1373",276
"1374",276
"1375",277
"1376",277
"1377",277
"1378",277
"1379",277
"1380",278
"1381",278
"1382",278
"1383",278
"1384",278
"1385",279
"1386",279
"1387",279
"1388",279
"1389",279
"1390",280
"1391",280
"1392",280
"1393",280
"1394",280
"1395",281
"1396",281
"1397",281
"1398",281
"1399",281
"1400",282
"1401",282
"1402",282
"1403",282
"1404",282
"1405",283
"1406",283
"1407",283
"1408",283
"1409",283
"1410",284
"1411",284
"1412",284
"1413",284
"1414",284
"1415",285
"1416",285
"1417",285
"1418",285
"1419",285
"1420",286
"1421",286
"1422",286
"1423",286
"1424",286
"1425",287
"1426",287
"1427",287
"1428",287
"1429",287
"1430",288
"1431",288
"1432",288
"1433",288
"1434",288
"1435",289
"1436",289
"1437",289
"1438",289
"1439",289
"1440",290
"1441",290
"1442",291
"1443",291
"1444",291
"1445",291
"1446",291
"1447",292
"1448",292
"1449",292
"1450",292
"1451",292
"1452",293
"1453",293
"1454",293
"1455",293
"1456",293
"1457",294
"1458",294
"1459",294
"1460",294
"1461",294
"1462",295
"1463",295
"1464",295
"1465",295
"1466",295
"1467",296
"1468",296
"1469",296
"1470",296
"1471",296
"1472",297
"1473",297
"1474",297
"1475",297
"1476",297
"1477",298
"1478",298
"1479",298
"1480",298
"1481",298
"1482",299
"1483",299
"1484",299
"1485",299
"1486",299
"1487",300
"1488",300
"1489",300
"1490",300
"1491",300
"1492",301
"1493",301
"1494",301
"1495",301
"1496",301
"1497",302
"1498",302
"1499",302
"1500",302
"1501",302
"1502",303
"1503",303
"1504",303
"1505",303
"1506",303
"1507",304
"1508",304
"1509",304
"1510",304
"1511",304
"1512",305
"1513",305
"1514",305
"1515",305
"1516",305
"1517",306
"1518",306
"1519",306
"1520",306
"1521",306
"1522",307
"1523",307
"1524",307
"1525",307
"1526",307
"1527",308
"1528",308
"1529",308
"1530",308
"1531",308
"1532",309
"1533",309
"1534",309
"1535",309
"1536",309
"1537",310
"1538",310
"1539",310
"1540",310
"1541",310
"1542",311
"1543",311
"1544",311
"1545",311
"1546",311
"1547",312
"1548",312
"1549",312
"1550",312
"1551",312
"1552",313
"1553",313
"1554",313
"1555",313
"1556",313
"1557",314
"1558",314
"1559",314
"1560",314
"1561",314
"1562",315
"1563",315
"1564",315
"1565",315
"1566",315
"1567",316
"1568",316
"1569",316
"1570",316
"1571",316
"1572",317
"1573",317
"1574",317
"1575",317
"1576",317
"1577",318
"1578",318
"1579",318
"1580",318
"1581",318
"1582",319
"1583",319
"1584",319
"1585",319
"1586",319
"1587",320
"1588",320
"1589",320
"1590",320
"1591",320
"1592",321
"1593",321
"1594",321
"1595",321
"1596",321
"1597",322
"1598",322
"1599",322
"1600",322
"1601",322
"1602",323
"1603",323
"1604",323
"1605",323
"1606",323
"1607",324
"1608",324
"1609",324
"1610",324
"1611",324
"1612",325
"1613",325
"1614",325
"1615",325
"1616",325
"1617",326
"1618",326
"1619",326
"1620",326
"1621",326
"1622",327
"1623",327
"1624",327
"1625",327
"1626",327
"1627",328
"1628",328
"1629",328
"1630",328
"1631",328
"1632",329
"1633",329
"1634",329
"1635",329
"1636",329
"1637",330
"1638",330
"1639",330
"1640",330
"1641",330
"1642",331
"1643",331
"1644",331
"1645",331
"1646",331
"1647",332
"1648",332
"1649",332
"1650",332
"1651",332
"1652",333
"1653",333
"1654",333
"1655",333
"1656",333
"1657",334
"1658",334
"1659",334
"1660",334
"1661",334
"1662",335
"1663",335
"1664",335
"1665",335
"1666",335
"1667",336
"1668",336
"1669",336
"1670",336
"1671",336
"1672",336
"1673",336
"1674",336
"1675",336
"1676",336
"1677",337
"1678",337
"1679",337
"1680",337
"1681",337
"1682",338
"1683",338
"1684",338
"1685",338
"1686",338
"1687",339
"1688",339
"1689",339
"1690",339
"1691",339
"1692",340
"1693",340
"1694",340
"1695",340
"1696",340
"1697",341
"1698",341
"1699",341
"1700",341
"1701",341
"1702",342
"1703",342
"1704",342
"1705",342
"1706",342
"1707",343
"1708",343
"1709",343
"1710",343
"1711",343
"1712",344
"1713",344
"1714",344
"1715",344
"1716",344
"1717",345
"1718",345
"1719",345
"1720",345
"1721",345
"1722",346
"1723",346
"1724",346
"1725",346
"1726",346
"1727",347
"1728",347
"1729",347
"1730",347
"1731",347
"1732",348
"1733",348
"1734",348
"1735",348
"1736",348
"1737",349
"1738",349
"1739",349
"1740",349
"1741",349
"1742",350
"1743",350
"1744",350
"1745",350
"1746",350
"1747",351
"1748",351
"1749",351
"1750",351
"1751",351
"1752",352
"1753",352
"1754",352
"1755",352
"1756",352
"1757",353
"1758",353
"1759",353
"1760",353
"1761",353
"1762",354
"1763",354
"1764",354
"1765",354
"1766",354
"1767",355
"1768",355
"1769",355
"1770",355
"1771",355
"1772",356
"1773",356
"1774",356
"1775",356
"1776",356
"1777",357
"1778",357
"1779",357
"1780",357
"1781",357
"1782",358
"1783",358
"1784",358
"1785",358
"1786",358
"1787",359
"1788",359
"1789",359
"1790",359
"1791",359
"1792",360
"1793",360
"1794",360
"1795",360
"1796",360
"1797",361
"1798",361
"1799",361
"1800",361
"1801",361
"1802",362
"1803",362
"1804",362
"1805",362
"1806",362
"1807",363
"1808",363
"1809",363
"1810",363
"1811",363
"1812",364
"1813",364
"1814",364
"1815",364
"1816",364
"1817",365
"1818",365
"1819",365
"1820",365
"1821",365
"1822",366
"1823",366
"1824",366
"1825",366
"1826",366
"1827",367
"1828",367
"1829",367
"1830",367
"1831",367
"1832",368
"1833",368
"1834",368
"1835",368
"1836",368
"1837",369
"1838",369
"1839",369
"1840",369
"1841",369
"1842",370
"1843",370
"1844",370
"1845",370
"1846",370
"1847",371
"1848",371
"1849",371
"1850",371
"1851",371
"1852",372
"1853",372
"1854",372
"1855",372
"1856",372
"1857",373
"1858",373
"1859",373
"1860",373
"1861",373
"1862",374
"1863",374
"1864",374
"1865",374
"1866",374
"1867",375
"1868",375
"1869",375
"1870",375
"1871",375
"1872",376
"1873",376
"1874",376
"1875",376
"1876",376
"1877",377
"1878",377
"1879",377
"1880",377
"1881",377
"1882",378
"1883",378
"1884",378
"1885",378
"1886",378
"1887",379
"1888",379
"1889",379
"1890",379
"1891",379
"1892",380
"1893",380
"1894",380
"1895",380
"1896",380
"1897",381
"1898",381
"1899",381
"1900",381
"1901",381
"1902",382
"1903",382
"1904",382
"1905",382
"1906",382
"1907",383
"1908",383
"1909",383
"1910",383
"1911",383
"1912",384
"1913",384
"1914",384
"1915",384
"1916",384
"1917",385
"1918",385
"1919",385
"1920",385
"1921",385
"1922",386
"1923",386
"1924",386
"1925",386
"1926",386
"1927",387
"1928",387
"1929",387
"1930",387
"1931",387
"1932",388
"1933",388
"1934",388
"1935",388
"1936",388
"1937",389
"1938",389
"1939",389
"1940",389
"1941",389
"1942",390
"1943",390
"1944",390
"1945",390
"1946",390
"1947",391
"1948",391
"1949",391
"1950",391
"1951",391
"1952",392
"1953",392
"1954",392
"1955",392
"1956",392
"1957",393
"1958",393
"1959",393
"1960",393
"1961",393
"1962",394
"1963",394
"1964",394
"1965",394
"1966",394
"1967",395
"1968",395
"1969",395
"1970",395
"1971",395
"1972",396
"1973",396
"1974",396
"1975",396
"1976",396
"1977",397
"1978",397
"1979",397
"1980",397
"1981",397
"1982",398
"1983",398
"1984",398
"1985",398
"1986",398
"1987",399
"1988",399
"1989",399
"1990",399
"1991",399
"1992",400
"1993",400
"1994",400
"1995",400
"1996",400
"1997",401
"1998",401
"1999",401
"2000",401
"2001",401
"2002",402
"2003",402
"2004",402
"2005",402
"2006",402
"2007",403
"2008",403
"2009",403
"2010",403
"2011",403
"2012",404
"2013",404
"2014",404
"2015",404
"2016",404
"2017",405
"2018",405
"2019",405
"2020",405
"2021",405
"2022",406
"2023",406
"2024",406
"2025",406
"2026",406
"2027",407
"2028",407
"2029",407
"2030",407
"2031",407
"2032",408
"2033",408
"2034",408
"2035",408
"2036",408
"2037",409
"2038",409
"2039",409
"2040",409
"2041",409
"2042",410
"2043",410
"2044",410
"2045",410
"2046",410
"2047",411
"2048",411
"2049",411
"2050",411
"2051",411
"2052",412
"2053",412
"2054",412
"2055",412
"2056",412
"2057",413
"2058",413
"2059",413
"2060",413
"2061",413
"2062",414
"2063",414
"2064",414
"2065",414
"2066",414
"2067",415
"2068",415
"2069",415
"2070",415
"2071",415
"2072",416
"2073",416
"2074",416
"2075",416
"2076",416
"2077",417
"2078",417
"2079",417
"2080",417
"2081",417
"2082",418
"2083",418
"2084",418
"2085",418
"2086",418
"2087",419
"2088",419
"2089",419
"2090",419
"2091",419
"2092",420
"2093",420
"2094",420
"2095",420
"2096",420
"2097",421
"2098",421
"2099",421
"2100",421
"2101",421
"2102",422
"2103",422
"2104",422
"2105",422
"2106",422
"2107",423
"2108",423
"2109",423
"2110",423
"2111",423
"2112",424
"2113",424
"2114",424
"2115",424
"2116",424
"2117",425
"2118",425
"2119",425
"2120",425
"2121",425
"2122",426
"2123",426
"2124",426
"2125",426
"2126",426
"2127",427
"2128",427
"2129",427
"2130",427
"2131",427
"2132",428
"2133",428
"2134",428
"2135",428
"2136",428
"2137",429
"2138",429
"2139",429
"2140",429
"2141",429
"2142",430
"2143",430
"2144",430
"2145",430
"2146",430
"2147",431
"2148",431
"2149",431
"2150",431
"2151",431
"2152",432
"2153",432
"2154",432
"2155",432
"2156",432
"2157",433
"2158",433
"2159",433
"2160",433
"2161",433
"2162",434
"2163",434
"2164",434
"2165",434
"2166",434
"2167",435
"2168",435
"2169",435
"2170",435
"2171",435
"2172",436
"2173",436
"2174",436
"2175",436
"2176",436
"2177",437
"2178",437
"2179",437
"2180",437
"2181",437
"2182",438
"2183",438
"2184",438
"2185",438
"2186",438
"2187",439
"2188",439
"2189",439
"2190",439
"2191",439
"2192",440
"2193",440
"2194",440
"2195",440
"2196",440
"2197",441
"2198",441
"2199",441
"2200",441
"2201",441
"2202",442
"2203",442
"2204",442
"2205",442
"2206",442
"2207",443
"2208",443
"2209",443
"2210",443
"2211",443
"2212",444
"2213",444
"2214",444
"2215",444
"2216",444
"2217",445
"2218",445
"2219",445
"2220",445
"2221",445
"2222",446
"2223",446
"2224",446
"2225",446
"2226",446
"2227",447
"2228",447
"2229",447
"2230",447
"2231",447
"2232",448
"2233",448
"2234",448
"2235",448
"2236",448
"2237",449
"2238",449
"2239",449
"2240",449
"2241",449
"2242",450
"2243",450
"2244",450
"2245",450
"2246",450
"2247",451
"2248",451
"2249",451
"2250",451
"2251",451
"2252",452
"2253",452
"2254",452
"2255",452
"2256",452
"2257",453
"2258",453
"2259",453
"2260",453
"2261",453
"2262",454
"2263",454
"2264",454
"2265",454
"2266",454
"2267",455
"2268",455
"2269",455
"2270",455
"2271",455
"2272",456
"2273",456
"2274",456
"2275",456
"2276",456
"2277",457
"2278",457
"2279",457
"2280",457
"2281",457
"2282",458
"2283",458
"2284",458
"2285",458
"2286",458
"2287",459
"2288",459
"2289",459
"2290",459
"2291",459
"2292",460
"2293",460
"2294",460
"2295",460
"2296",460
"2297",461
"2298",461
"2299",461
"2300",461
"2301",461
"2302",462
"2303",462
"2304",462
"2305",462
"2306",462
"2307",463
"2308",463
"2309",463
"2310",463
"2311",463
"2312",464
"2313",464
"2314",464
"2315",464
"2316",464
"2317",465
"2318",465
"2319",465
"2320",465
"2321",465
"2322",466
"2323",466
"2324",466
"2325",466
"2326",466
"2327",467
"2328",467
"2329",467
"2330",467
"2331",467
"2332",468
"2333",468
"2334",468
"2335",468
"2336",468
"2337",469
"2338",469
"2339",469
"2340",469
"2341",469
"2342",470
"2343",470
"2344",470
"2345",470
"2346",470
"2347",471
"2348",471
"2349",471
"2350",471
"2351",471
"2352",472
"2353",472
"2354",472
"2355",472
"2356",472
"2357",473
"2358",473
"2359",473
"2360",473
"2361",473
"2362",474
"2363",474
"2364",474
"2365",474
"2366",474
"2367",475
"2368",475
"2369",475
"2370",475
"2371",475
"2372",476
"2373",476
"2374",476
"2375",476
"2376",476
"2377",477
"2378",477
"2379",477
"2380",477
"2381",477
"2382",478
"2383",478
"2384",478
"2385",478
"2386",478
"2387",479
"2388",479
"2389",479
"2390",479
"2391",479
"2392",480
"2393",480
"2394",480
"2395",480
"2396",480
"2397",481
"2398",481
"2399",481
"2400",481
"2401",481
"2402",482
"2403",482
"2404",482
"2405",482
"2406",482
"2407",483
"2408",483
"2409",483
"2410",483
"2411",483
"2412",484
"2413",484
"2414",484
"2415",484
"2416",484
"2417",485
"2418",485
"2419",485
"2420",485
"2421",485
"2422",486
"2423",486
"2424",486
"2425",486
"2426",486
"2427",487
"2428",487
"2429",487
"2430",487
"2431",487
"2432",488
"2433",488
"2434",488
"2435",488
"2436",488
"2437",489
"2438",489
"2439",489
"2440",489
"2441",489
"2442",490
"2443",490
"2444",490
"2445",490
"2446",490
"2447",491
"2448",491
"2449",491
"2450",491
"2451",491
"2452",492
"2453",492
"2454",492
"2455",492
"2456",492
"2457",493
"2458",493
"2459",493
"2460",493
"2461",493
"2462",494
"2463",494
"2464",494
"2465",494
"2466",494
"2467",495
"2468",495
"2469",495
"2470",495
"2471",495
"2472",496
"2473",496
"2474",496
"2475",496
"2476",496
"2477",497
"2478",497
"2479",497
"2480",497
"2481",497
"2482",498
"2483",498
"2484",498
"2485",498
"2486",498
"2487",499
"2488",499
"2489",499
"2490",499
"2491",499
"2492",500
"2493",500
"2494",500
"2495",500
"2496",500
"2497",501
"2498",501
"2499",501
"2500",501
"2501",501
"2502",502
"2503",502
"2504",502
"2505",502
"2506",502
"2507",503
"2508",503
"2509",503
"2510",503
"2511",503
"2512",504
"2513",504
"2514",504
"2515",504
"2516",504
"2517",505
"2518",505
"2519",505
"2520",505
"2521",505
"2522",506
"2523",506
"2524",506
"2525",506
"2526",506
"2527",507
"2528",507
"2529",507
"2530",507
"2531",507
"2532",508
"2533",508
"2534",508
"2535",509
"2536",509
"2537",509
"2538",509
"2539",509
"2540",510
"2541",510
"2542",510
"2543",510
"2544",510
"2545",511
"2546",511
"2547",511
"2548",511
"2549",511
"2550",512
"2551",512
"2552",512
"2553",512
"2554",512
"2555",513
"2556",513
"2557",513
"2558",513
"2559",513
"2560",514
"2561",514
"2562",514
"2563",514
"2564",514
"2565",515
"2566",515
"2567",515
"2568",515
"2569",515
"2570",516
"2571",516
"2572",516
"2573",516
"2574",516
"2575",517
"2576",517
"2577",517
"2578",517
"2579",517
"2580",518
"2581",518
"2582",518
"2583",518
"2584",518
"2585",519
"2586",519
"2587",519
"2588",519
"2589",519
"2590",520
"2591",520
"2592",520
"2593",520
"2594",520
"2595",521
"2596",521
"2597",521
"2598",521
"2599",521
"2600",522
"2601",522
"2602",522
"2603",522
"2604",522
"2605",523
"2606",523
"2607",523
"2608",523
"2609",523
"2610",524
"2611",524
"2612",524
"2613",524
"2614",524
"2615",525
"2616",525
"2617",525
"2618",525
"2619",525
"2620",526
"2621",526
"2622",526
"2623",526
"2624",526
"2625",527
"2626",527
"2627",527
"2628",527
"2629",527
"2630",528
"2631",528
"2632",528
"2633",528
"2634",528
"2635",529
"2636",529
"2637",529
"2638",529
"2639",529
"2640",530
"2641",530
"2642",530
"2643",530
"2644",530
"2645",531
"2646",531
"2647",531
"2648",531
"2649",531
"2650",532
"2651",532
"2652",532
"2653",532
"2654",532
"2655",533
"2656",533
"2657",533
"2658",533
"2659",533
"2660",534
"2661",534
"2662",534
"2663",534
"2664",534
"2665",535
"2666",535
"2667",535
"2668",535
"2669",535
"2670",536
"2671",536
"2672",536
"2673",536
"2674",536
"2675",537
"2676",537
"2677",537
"2678",537
"2679",537
"2680",538
"2681",538
"2682",538
"2683",538
"2684",538
"2685",539
"2686",539
"2687",539
"2688",539
"2689",539
"2690",540
"2691",540
"2692",540
"2693",540
"2694",540
"2695",541
"2696",541
"2697",541
"2698",541
"2699",541
"2700",542
"2701",542
"2702",542
"2703",542
"2704",542
"2705",543
"2706",543
"2707",543
"2708",543
"2709",543
"2710",544
"2711",544
"2712",544
"2713",544
"2714",544
"2715",545
"2716",545
"2717",545
"2718",545
"2719",545
"2720",546
"2721",546
"2722",546
"2723",546
"2724",546
"2725",547
"2726",547
"2727",547
"2728",547
"2729",547
"2730",548
"2731",548
"2732",548
"2733",548
"2734",548
"2735",549
"2736",549
"2737",549
"2738",549
"2739",549
"2740",550
"2741",550
"2742",550
"2743",550
"2744",550
"2745",551
"2746",551
"2747",551
"2748",551
"2749",551
"2750",552
"2751",552
"2752",552
"2753",552
"2754",552
"2755",553
"2756",553
"2757",553
"2758",553
"2759",553
"2760",554
"2761",554
"2762",554
"2763",554
"2764",554
"2765",555
"2766",555
"2767",555
"2768",555
"2769",555
"2770",556
"2771",556
"2772",556
"2773",556
"2774",556
"2775",557
"2776",557
"2777",557
"2778",557
"2779",557
"2780",558
"2781",558
"2782",558
"2783",558
"2784",558
"2785",559
"2786",559
"2787",559
"2788",559
"2789",559
"2790",560
"2791",560
"2792",560
"2793",560
"2794",560
"2795",561
"2796",561
"2797",561
"2798",561
"2799",561
"2800",562
"2801",562
"2802",562
"2803",562
"2804",562
"2805",563
"2806",563
"2807",563
"2808",563
"2809",563
"2810",564
"2811",564
"2812",564
"2813",564
"2814",564
"2815",565
"2816",565
"2817",565
"2818",565
"2819",565
"2820",566
"2821",566
"2822",566
"2823",566
"2824",566
"2825",567
"2826",567
"2827",567
"2828",567
"2829",567
"2830",568
"2831",568
"2832",568
"2833",568
"2834",568
"2835",569
"2836",569
"2837",569
"2838",569
"2839",569
"2840",570
"2841",570
"2842",570
"2843",570
"2844",570
"2845",571
"2846",571
"2847",571
"2848",571
"2849",571
"2850",572
"2851",572
"2852",572
"2853",572
"2854",572
"2855",573
"2856",573
"2857",573
"2858",573
"2859",573
"2860",574
"2861",574
"2862",574
"2863",574
"2864",574
"2865",575
"2866",575
"2867",575
"2868",575
"2869",575
"2870",576
"2871",576
"2872",576
"2873",576
"2874",576
"2875",577
"2876",577
"2877",577
"2878",577
"2879",577
"2880",578
"2881",578
"2882",578
"2883",578
"2884",578
"2885",579
"2886",579
"2887",579
"2888",579
"2889",579
"2890",580
"2891",580
"2892",580
"2893",580
"2894",580
"2895",581
"2896",581
"2897",581
"2898",581
"2899",581
"2900",582
"2901",582
"2902",582
"2903",582
"2904",582
"2905",583
"2906",583
"2907",583
"2908",583
"2909",583
"2910",584
"2911",584
"2912",584
"2913",584
"2914",584
"2915",585
"2916",585
"2917",585
"2918",585
"2919",585
"2920",586
"2921",586
"2922",586
"2923",586
"2924",586
"2925",587
"2926",587
"2927",587
"2928",587
"2929",587
"2930",588
"2931",588
"2932",588
"2933",588
"2934",588
"2935",589
"2936",589
"2937",589
"2938",589
"2939",589
"2940",590
"2941",590
"2942",590
"2943",590
"2944",590
"2945",591
"2946",591
"2947",591
"2948",591
"2949",591
"2950",592
"2951",592
"2952",592
"2953",592
"2954",592
"2955",593
"2956",593
"2957",593
"2958",593
"2959",593
"2960",594
"2961",594
"2962",594
"2963",594
"2964",594
"2965",595
"2966",595
"2967",595
"2968",595
"2969",595
"2970",596
"2971",596
"2972",596
"2973",596
"2974",596
"2975",597
"2976",597
"2977",597
"2978",597
"2979",597
"2980",598
"2981",598
"2982",598
"2983",598
"2984",598
"2985",599
"2986",599
"2987",599
"2988",599
"2989",599
"2990",600
"2991",600
"2992",600
"2993",600
"2994",600
"2995",601
"2996",601
"2997",601
"2998",601
"2999",601
"3000",602
"3001",602
"3002",602
"3003",602
"3004",602
"3005",603
"3006",603
"3007",603
"3008",603
"3009",603
"3010",604
"3011",604
"3012",604
"3013",604
"3014",604
"3015",605
"3016",605
"3017",605
"3018",605
"3019",605
"3020",606
"3021",606
"3022",606
"3023",606
"3024",606
"3025",607
"3026",607
"3027",607
"3028",607
"3029",607
"3030",608
"3031",608
"3032",608
"3033",608
"3034",608
"3035",609
"3036",609
"3037",609
"3038",609
"3039",609
"3040",610
"3041",610
"3042",610
"3043",610
"3044",610
"3045",611
"3046",611
"3047",611
"3048",611
"3049",611
"3050",612
"3051",612
"3052",612
"3053",612
"3054",612
"3055",613
"3056",613
"3057",613
"3058",613
"3059",613
"3060",614
"3061",614
"3062",614
"3063",614
"3064",614
"3065",615
"3066",615
"3067",615
"3068",615
"3069",615
"3070",616
"3071",616
"3072",616
"3073",616
"3074",616
"3075",617
"3076",617
"3077",617
"3078",617
"3079",617
"3080",618
"3081",618
"3082",618
"3083",618
"3084",618
"3085",619
"3086",619
"3087",619
"3088",619
"3089",619
"3090",620
"3091",620
"3092",620
"3093",620
"3094",620
"3095",621
"3096",621
"3097",621
"3098",621
"3099",621
"3100",622
"3101",622
"3102",622
"3103",622
"3104",622
"3105",623
"3106",623
"3107",623
"3108",623
"3109",623
"3110",624
"3111",624
"3112",624
"3113",624
"3114",624
"3115",625
"3116",625
"3117",625
"3118",625
"3119",625
"3120",626
"3121",626
"3122",626
"3123",626
"3124",626
"3125",627
"3126",627
"3127",627
"3128",627
"3129",627
"3130",628
"3131",628
"3132",628
"3133",628
"3134",628
"3135",629
"3136",629
"3137",629
"3138",629
"3139",629
"3140",630
"3141",630
"3142",630
"3143",630
"3144",630
"3145",631
"3146",631
"3147",631
"3148",631
"3149",631
"3150",632
"3151",632
"3152",632
"3153",632
"3154",632
"3155",633
"3156",633
"3157",633
"3158",633
"3159",633
"3160",634
"3161",634
"3162",634
"3163",634
"3164",634
"3165",635
"3166",635
"3167",635
"3168",635
"3169",635
"3170",636
"3171",636
"3172",636
"3173",636
"3174",636
"3175",637
"3176",637
"3177",637
"3178",637
"3179",637
"3180",638
"3181",638
"3182",638
"3183",638
"3184",638
"3185",639
"3186",639
"3187",639
"3188",639
"3189",639
"3190",640
"3191",640
"3192",640
"3193",640
"3194",640
"3195",641
"3196",641
"3197",641
"3198",641
"3199",641
"3200",642
"3201",642
"3202",642
"3203",642
"3204",642
"3205",643
"3206",643
"3207",643
"3208",643
"3209",643
"3210",644
"3211",644
"3212",644
"3213",644
"3214",644
"3215",645
"3216",645
"3217",645
"3218",645
"3219",645
"3220",646
"3221",646
"3222",646
"3223",646
"3224",646
"3225",647
"3226",647
"3227",647
"3228",647
"3229",647
"3230",648
"3231",648
"3232",648
"3233",648
"3234",648
"3235",649
"3236",649
"3237",649
"3238",649
"3239",649
"3240",650
"3241",650
"3242",650
"3243",650
"3244",650
"3245",651
"3246",651
"3247",651
"3248",651
"3249",651
"3250",652
"3251",652
"3252",652
"3253",652
"3254",652
"3255",653
"3256",653
"3257",653
"3258",653
"3259",653
"3260",654
"3261",654
"3262",654
"3263",654
"3264",654
"3265",655
"3266",655
"3267",655
"3268",655
"3269",655
"3270",656
"3271",656
"3272",656
"3273",656
"3274",656
"3275",657
"3276",657
"3277",657
"3278",657
"3279",657
"3280",658
"3281",658
"3282",658
"3283",658
"3284",658
"3285",659
"3286",659
"3287",659
"3288",659
"3289",659
"3290",660
"3291",660
"3292",660
"3293",660
"3294",660
"3295",661
"3296",661
"3297",661
"3298",661
"3299",661
"3300",662
"3301",662
"3302",662
"3303",662
"3304",662
"3305",663
"3306",663
"3307",663
"3308",663
"3309",663
"3310",664
"3311",664
"3312",664
"3313",664
"3314",664
"3315",665
"3316",665
"3317",665
"3318",665
"3319",665
"3320",666
"3321",666
"3322",666
"3323",666
"3324",666
"3325",667
"3326",667
"3327",667
"3328",667
"3329",667
"3330",668
"3331",668
"3332",668
"3333",668
"3334",668
"3335",669
"3336",669
"3337",669
"3338",669
"3339",669
"3340",670
"3341",670
"3342",670
"3343",670
"3344",670
"3345",671
"3346",671
"3347",671
"3348",671
"3349",671
"3350",672
"3351",672
"3352",672
"3353",672
"3354",672
"3355",673
"3356",673
"3357",673
"3358",673
"3359",673
"3360",674
"3361",674
"3362",674
"3363",674
"3364",674
"3365",675
"3366",675
"3367",675
"3368",675
"3369",675
"3370",676
"3371",676
"3372",676
"3373",676
"3374",676
"3375",677
"3376",677
"3377",677
"3378",677
"3379",677
"3380",678
"3381",678
"3382",678
"3383",678
"3384",678
"3385",679
"3386",679
"3387",679
"3388",679
"3389",679
"3390",680
"3391",680
"3392",680
"3393",680
"3394",680
"3395",681
"3396",681
"3397",681
"3398",681
"3399",681
"3400",682
"3401",682
"3402",682
"3403",682
"3404",682
"3405",683
"3406",683
"3407",683
"3408",683
"3409",683
"3410",684
"3411",684
"3412",684
"3413",684
"3414",684
"3415",685
"3416",685
"3417",685
"3418",685
"3419",685
"3420",686
"3421",686
"3422",686
"3423",686
"3424",686
"3425",687
"3426",687
"3427",687
"3428",687
"3429",687
"3430",688
"3431",688
"3432",688
"3433",688
"3434",688
"3435",689
"3436",689
"3437",689
"3438",689
"3439",689
"3440",690
"3441",690
"3442",690
"3443",690
"3444",690
"3445",691
"3446",691
"3447",691
"3448",691
"3449",691
"3450",692
"3451",692
"3452",692
"3453",692
"3454",692
"3455",693
"3456",693
"3457",693
"3458",693
"3459",693
"3460",694
"3461",694
"3462",694
"3463",694
"3464",694
"3465",695
"3466",695
"3467",695
"3468",695
"3469",695
"3470",696
"3471",696
"3472",696
"3473",696
"3474",696
"3475",697
"3476",697
"3477",697
"3478",697
"3479",697
"3480",698
"3481",698
"3482",698
"3483",698
"3484",698
"3485",699
"3486",699
"3487",699
"3488",699
"3489",699
"3490",700
"3491",700
"3492",700
"3493",700
"3494",700
"3495",701
"3496",701
"3497",701
"3498",701
"3499",701
"3500",702
"3501",702
"3502",702
"3503",702
"3504",702
"3505",703
"3506",703
"3507",703
"3508",703
"3509",703
"3510",704
"3511",704
"3512",704
"3513",704
"3514",704
"3515",705
"3516",705
"3517",705
"3518",705
"3519",705
"3520",706
"3521",706
"3522",706
"3523",706
"3524",706
"3525",707
"3526",707
"3527",707
"3528",707
"3529",707
"3530",708
"3531",708
"3532",708
"3533",709
"3534",709
"3535",709
"3536",709
"3537",709
"3538",710
"3539",710
"3540",710
"3541",710
"3542",710
"3543",711
"3544",711
"3545",711
"3546",711
"3547",711
"3548",712
"3549",712
"3550",712
"3551",712
"3552",712
"3553",713
"3554",713
"3555",713
"3556",713
"3557",713
"3558",714
"3559",714
"3560",714
"3561",714
"3562",714
"3563",715
"3564",715
"3565",715
"3566",715
"3567",715
"3568",716
"3569",716
"3570",716
"3571",716
"3572",716
"3573",717
"3574",717
"3575",717
"3576",717
"3577",717
"3578",718
"3579",718
"3580",718
"3581",718
"3582",718
"3583",719
"3584",719
"3585",719
"3586",719
"3587",719
"3588",720
"3589",720
"3590",720
"3591",720
"3592",720
"3593",721
"3594",721
"3595",721
"3596",721
"3597",721
"3598",722
"3599",722
"3600",722
"3601",722
"3602",722
"3603",723
"3604",723
"3605",723
"3606",723
"3607",723
"3608",724
"3609",724
"3610",724
"3611",724
"3612",724
"3613",725
"3614",725
"3615",725
"3616",725
"3617",725
"3618",726
"3619",726
"3620",726
"3621",726
"3622",726
"3623",727
"3624",727
"3625",727
"3626",727
"3627",727
"3628",728
"3629",728
"3630",728
"3631",728
"3632",728
"3633",729
"3634",729
"3635",729
"3636",729
"3637",729
"3638",730
"3639",730
"3640",730
"3641",730
"3642",730
"3643",731
"3644",731
"3645",731
"3646",731
"3647",731
"3648",732
"3649",732
"3650",732
"3651",732
"3652",732
"3653",733
"3654",733
"3655",733
"3656",733
"3657",733
"3658",734
"3659",734
"3660",734
"3661",734
"3662",734
"3663",735
"3664",735
"3665",735
"3666",735
"3667",735
"3668",736
"3669",736
"3670",736
"3671",736
"3672",736
"3673",737
"3674",738
"3675",738
"3676",738
"3677",738
"3678",738
"3679",739
"3680",739
"3681",739
"3682",739
"3683",739
"3684",740
"3685",740
"3686",740
"3687",740
"3688",740
"3689",741
"3690",741
"3691",741
"3692",741
"3693",741
"3694",742
"3695",742
"3696",742
"3697",742
"3698",742
"3699",743
"3700",743
"3701",743
"3702",743
"3703",743
"3704",744
"3705",744
"3706",744
"3707",744
"3708",744
"3709",745
"3710",745
"3711",745
"3712",745
"3713",745
"3714",746
"3715",746
"3716",746
"3717",746
"3718",746
"3719",747
"3720",747
"3721",747
"3722",747
"3723",747
"3724",748
"3725",748
"3726",748
"3727",748
"3728",748
"3729",749
"3730",749
"3731",749
"3732",749
"3733",749
"3734",750
"3735",750
"3736",750
"3737",750
"3738",750
"3739",751
"3740",751
"3741",751
"3742",751
"3743",751
"3744",752
"3745",752
"3746",752
"3747",752
"3748",752
"3749",753
"3750",753
"3751",753
"3752",753
"3753",753
"3754",754
"3755",754
"3756",754
"3757",754
"3758",754
"3759",755
"3760",755
"3761",755
"3762",755
"3763",755
"3764",756
"3765",756
"3766",756
"3767",756
"3768",756
"3769",757
"3770",757
"3771",757
"3772",757
"3773",757
"3774",758
"3775",758
"3776",758
"3777",758
"3778",758
"3779",759
"3780",759
"3781",759
"3782",759
"3783",759
"3784",760
"3785",760
"3786",760
"3787",760
"3788",760
"3789",761
"3790",761
"3791",761
"3792",761
"3793",761
"3794",762
"3795",762
"3796",762
"3797",762
"3798",762
"3799",763
"3800",763
"3801",763
"3802",763
"3803",763
"3804",764
"3805",764
"3806",764
"3807",764
"3808",764
"3809",765
"3810",765
"3811",765
"3812",765
"3813",765
"3814",766
"3815",766
"3816",766
"3817",766
"3818",766
"3819",767
"3820",767
"3821",767
"3822",767
"3823",767
"3824",768
"3825",768
"3826",768
"3827",768
"3828",768
"3829",769
"3830",769
"3831",769
"3832",769
"3833",769
"3834",770
"3835",770
"3836",770
"3837",770
"3838",770
"3839",771
"3840",771
"3841",771
"3842",771
"3843",771
"3844",772
"3845",772
"3846",772
"3847",772
"3848",772
"3849",773
"3850",773
"3851",773
"3852",773
"3853",773
"3854",774
"3855",774
"3856",774
"3857",774
"3858",774
"3859",775
"3860",775
"3861",775
"3862",775
"3863",775
"3864",776
"3865",776
"3866",776
"3867",776
"3868",776
"3869",777
"3870",777
"3871",777
"3872",777
"3873",777
"3874",778
"3875",778
"3876",778
"3877",778
"3878",778
"3879",779
"3880",779
"3881",779
"3882",779
"3883",779
"3884",780
"3885",780
"3886",780
"3887",780
"3888",780
"3889",781
"3890",781
"3891",781
"3892",781
"3893",781
"3894",782
"3895",782
"3896",782
"3897",782
"3898",782
"3899",783
"3900",783
"3901",783
"3902",783
"3903",783
"3904",784
"3905",784
"3906",784
"3907",784
"3908",784
"3909",785
"3910",785
"3911",785
"3912",785
"3913",785
"3914",786
"3915",786
"3916",786
"3917",786
"3918",786
"3919",787
"3920",787
"3921",787
"3922",787
"3923",787
"3924",788
"3925",788
"3926",788
"3927",788
"3928",788
"3929",789
"3930",789
"3931",789
"3932",789
"3933",789
"3934",790
"3935",790
"3936",790
"3937",790
"3938",790
"3939",791
"3940",791
"3941",791
"3942",791
"3943",791
"3944",792
"3945",792
"3946",792
"3947",792
"3948",792
"3949",793
"3950",793
"3951",793
"3952",793
"3953",793
"3954",794
"3955",794
"3956",794
"3957",794
"3958",794
"3959",795
"3960",795
"3961",795
"3962",795
"3963",795
"3964",796
"3965",796
"3966",796
"3967",796
"3968",796
"3969",797
"3970",797
"3971",797
"3972",797
"3973",797
"3974",798
"3975",798
"3976",798
"3977",798
"3978",798
"3979",799
"3980",799
"3981",799
"3982",799
"3983",799
"3984",800
"3985",800
"3986",800
"3987",800
"3988",800
"3989",801
"3990",801
"3991",801
"3992",801
"3993",801
"3994",802
"3995",802
"3996",802
"3997",802
"3998",802
"3999",803
"4000",803
"4001",803
"4002",803
"4003",803
"4004",804
"4005",804
"4006",804
"4007",804
"4008",804
"4009",805
"4010",805
"4011",805
"4012",805
"4013",805
"4014",806
"4015",806
"4016",806
"4017",806
"4018",806
"4019",807
"4020",807
"4021",807
"4022",807
"4023",807
"4024",808
"4025",808
"4026",808
"4027",808
"4028",808
"4029",809
"4030",809
"4031",809
"4032",809
"4033",809
"4034",810
"4035",810
"4036",810
"4037",810
"4038",810
"4039",811
"4040",811
"4041",811
"4042",811
"4043",811
"4044",812
"4045",812
"4046",812
"4047",812
"4048",812
"4049",813
"4050",813
"4051",813
"4052",813
"4053",813
"4054",814
"4055",814
"4056",814
"4057",814
"4058",814
"4059",815
"4060",815
"4061",815
"4062",815
"4063",815
"4064",816
"4065",816
"4066",816
"4067",816
"4068",816
"4069",817
"4070",817
"4071",817
"4072",817
"4073",817
"4074",818
"4075",818
"4076",818
"4077",818
"4078",818
"4079",819
"4080",819
"4081",819
"4082",819
"4083",819
"4084",820
"4085",820
"4086",820
"4087",820
"4088",820
"4089",821
"4090",821
"4091",821
"4092",821
"4093",821
"4094",822
"4095",822
"4096",822
"4097",822
"4098",822
"4099",823
"4100",823
"4101",823
"4102",823
"4103",823
"4104",824
"4105",824
"4106",824
"4107",824
"4108",824
"4109",825
"4110",825
"4111",825
"4112",825
"4113",825
"4114",826
"4115",826
"4116",826
"4117",826
"4118",826
"4119",827
"4120",827
"4121",827
"4122",827
"4123",827
"4124",828
"4125",828
"4126",828
"4127",828
"4128",828
"4129",829
"4130",829
"4131",829
"4132",829
"4133",829
"4134",830
"4135",830
"4136",830
"4137",830
"4138",830
"4139",831
"4140",831
"4141",831
"4142",831
"4143",831
"4144",832
"4145",832
"4146",832
"4147",832
"4148",832
"4149",833
"4150",833
"4151",833
"4152",833
"4153",833
"4154",834
"4155",834
"4156",834
"4157",834
"4158",834
"4159",835
"4160",835
"4161",835
"4162",835
"4163",835
"4164",836
"4165",836
"4166",836
"4167",836
"4168",836
"4169",837
"4170",837
"4171",837
"4172",837
"4173",837
"4174",838
"4175",838
"4176",838
"4177",838
"4178",838
"4179",839
"4180",839
"4181",839
"4182",839
"4183",839
"4184",840
"4185",840
"4186",840
"4187",840
"4188",840
"4189",841
"4190",841
"4191",841
"4192",841
"4193",841
"4194",842
"4195",842
"4196",842
"4197",842
"4198",842
"4199",843
"4200",843
"4201",843
"4202",843
"4203",843
"4204",844
"4205",844
"4206",844
"4207",844
"4208",844
"4209",845
"4210",845
"4211",845
"4212",845
"4213",845
"4214",846
"4215",846
"4216",846
"4217",846
"4218",846
"4219",847
"4220",847
"4221",847
"4222",847
"4223",847
"4224",848
"4225",848
"4226",848
"4227",848
"4228",848
"4229",849
"4230",849
"4231",849
"4232",849
"4233",849
"4234",850
"4235",850
"4236",850
"4237",850
"4238",850
"4239",851
"4240",851
"4241",851
"4242",851
"4243",851
"4244",852
"4245",852
"4246",852
"4247",852
"4248",852
"4249",853
"4250",853
"4251",853
"4252",853
"4253",853
"4254",854
"4255",854
"4256",854
"4257",854
"4258",854
"4259",855
"4260",855
"4261",855
"4262",855
"4263",855
"4264",856
"4265",856
"4266",856
"4267",856
"4268",856
"4269",857
"4270",857
"4271",857
"4272",857
"4273",857
"4274",858
"4275",858
"4276",858
"4277",858
"4278",858
"4279",859
"4280",859
"4281",859
"4282",859
"4283",859
"4284",860
"4285",860
"4286",860
"4287",860
"4288",860
"4289",861
"4290",861
"4291",861
"4292",861
"4293",861
"4294",862
"4295",863
"4296",863
"4297",863
"4298",863
"4299",863
"4300",864
"4301",864
"4302",864
"4303",864
"4304",864
"4305",865
"4306",865
"4307",865
"4308",865
"4309",865
"4310",866
"4311",866
"4312",866
"4313",866
"4314",866
"4315",867
"4316",867
"4317",867
"4318",867
"4319",867
"4320",868
"4321",868
"4322",868
"4323",868
"4324",868
"4325",869
"4326",869
"4327",869
"4328",869
"4329",869
"4330",870
"4331",870
"4332",870
"4333",870
"4334",870
"4335",871
"4336",871
"4337",871
"4338",871
"4339",871
"4340",872
"4341",872
"4342",872
"4343",872
"4344",872
"4345",873
"4346",873
"4347",873
"4348",873
"4349",873
"4350",874
"4351",874
"4352",874
"4353",874
"4354",874
"4355",875
"4356",875
"4357",875
"4358",875
"4359",875
"4360",876
"4361",876
"4362",876
"4363",876
"4364",876
"4365",877
"4366",877
"4367",877
"4368",877
"4369",877
"4370",878
"4371",878
"4372",878
"4373",878
"4374",878
"4375",879
"4376",879
"4377",879
"4378",879
"4379",879
"4380",880
"4381",880
"4382",880
"4383",880
"4384",880
"4385",881
"4386",881
"4387",881
"4388",881
"4389",881
"4390",882
"4391",882
"4392",882
"4393",882
"4394",882
"4395",883
"4396",883
"4397",883
"4398",883
"4399",883
"4400",884
"4401",884
"4402",884
"4403",884
"4404",884
"4405",885
"4406",885
"4407",885
"4408",885
"4409",885
"4410",886
"4411",886
"4412",886
"4413",886
"4414",886
"4415",887
"4416",887
"4417",887
"4418",887
"4419",887
"4420",888
"4421",888
"4422",888
"4423",888
"4424",888
"4425",889
"4426",889
"4427",889
"4428",889
"4429",889
"4430",890
"4431",890
"4432",890
"4433",890
"4434",890
"4435",891
"4436",891
"4437",891
"4438",891
"4439",891
"4440",892
"4441",892
"4442",892
"4443",892
"4444",892
"4445",893
"4446",893
"4447",893
"4448",893
"4449",893
"4450",894
"4451",894
"4452",894
"4453",894
"4454",894
"4455",895
"4456",895
"4457",895
"4458",895
"4459",895
"4460",896
"4461",896
"4462",896
"4463",896
"4464",896
"4465",897
"4466",897
"4467",897
"4468",897
"4469",897
"4470",898
"4471",898
"4472",898
"4473",898
"4474",898
"4475",899
"4476",899
"4477",899
"4478",899
"4479",899
"4480",900
"4481",900
"4482",900
"4483",900
"4484",900
"4485",901
"4486",901
"4487",901
"4488",901
"4489",901
"4490",902
"4491",902
"4492",902
"4493",902
"4494",902
"4495",903
"4496",903
"4497",903
"4498",903
"4499",903
"4500",904
"4501",904
"4502",904
"4503",904
"4504",904
"4505",905
"4506",905
"4507",905
"4508",905
"4509",905
"4510",906
"4511",906
"4512",906
"4513",906
"4514",906
"4515",907
"4516",907
"4517",907
"4518",907
"4519",907
"4520",908
"4521",908
"4522",908
"4523",908
"4524",908
"4525",909
"4526",909
"4527",909
"4528",909
"4529",909
"4530",910
"4531",910
"4532",910
"4533",910
"4534",910
"4535",911
"4536",911
"4537",911
"4538",911
"4539",911
"4540",912
"4541",912
"4542",912
"4543",912
"4544",912
"4545",913
"4546",913
"4547",913
"4548",913
"4549",913
"4550",914
"4551",914
"4552",914
"4553",914
"4554",914
"4555",915
"4556",915
"4557",915
"4558",915
"4559",915
"4560",916
"4561",916
"4562",916
"4563",916
"4564",916
"4565",917
"4566",917
"4567",917
"4568",917
"4569",917
"4570",918
"4571",918
"4572",918
"4573",918
"4574",918
"4575",919
"4576",919
"4577",919
"4578",919
"4579",919
"4580",920
"4581",920
"4582",920
"4583",920
"4584",920
"4585",921
"4586",921
"4587",921
"4588",921
"4589",921
"4590",922
"4591",922
"4592",922
"4593",922
"4594",922
"4595",923
"4596",923
"4597",923
"4598",923
"4599",923
"4600",924
"4601",924
"4602",924
"4603",924
"4604",924
"4605",925
"4606",925
"4607",925
"4608",925
"4609",925
"4610",926
"4611",926
"4612",926
"4613",926
"4614",926
"4615",927
"4616",927
"4617",927
"4618",927
"4619",927
"4620",928
"4621",928
"4622",928
"4623",928
"4624",928
"4625",929
"4626",929
"4627",929
"4628",929
"4629",929
"4630",930
"4631",930
"4632",930
"4633",930
"4634",930
"4635",931
"4636",931
"4637",931
"4638",931
"4639",931
"4640",932
"4641",932
"4642",932
"4643",932
"4644",932
"4645",933
"4646",933
"4647",933
"4648",933
"4649",933
"4650",934
"4651",934
"4652",934
"4653",934
"4654",934
"4655",935
"4656",935
"4657",935
"4658",935
"4659",935
"4660",936
"4661",936
"4662",936
"4663",936
"4664",936
"4665",937
"4666",937
"4667",937
"4668",937
"4669",937
"4670",938
"4671",938
"4672",938
"4673",938
"4674",938
"4675",939
"4676",939
"4677",939
"4678",939
"4679",939
"4680",940
"4681",940
"4682",940
"4683",940
"4684",940
"4685",941
"4686",941
"4687",941
"4688",941
"4689",941
"4690",942
"4691",942
"4692",942
"4693",942
"4694",942
"4695",943
"4696",943
"4697",943
"4698",943
"4699",943
"4700",944
"4701",944
"4702",944
"4703",944
"4704",944
"4705",945
"4706",945
"4707",946
"4708",946
"4709",946
"4710",946
"4711",946
"4712",947
"4713",947
"4714",947
"4715",947
"4716",947
"4717",948
"4718",948
"4719",948
"4720",948
"4721",948
"4722",949
"4723",949
"4724",949
"4725",949
"4726",949
"4727",950
"4728",950
"4729",950
"4730",950
"4731",950
"4732",951
"4733",951
"4734",951
"4735",951
"4736",951
"4737",952
"4738",952
"4739",952
"4740",952
"4741",952
"4742",953
"4743",953
"4744",953
"4745",953
"4746",953
"4747",954
"4748",954
"4749",954
"4750",954
"4751",954
"4752",955
"4753",955
"4754",955
"4755",955
"4756",955
"4757",956
"4758",956
"4759",956
"4760",956
"4761",956
"4762",957
"4763",957
"4764",957
"4765",957
"4766",957
"4767",958
"4768",958
"4769",958
"4770",958
"4771",958
"4772",959
"4773",959
"4774",959
"4775",959
"4776",959
"4777",960
"4778",960
"4779",960
"4780",960
"4781",960
"4782",961
"4783",961
"4784",961
"4785",961
"4786",961
"4787",962
"4788",962
"4789",962
"4790",962
"4791",962
"4792",963
"4793",963
"4794",963
"4795",963
"4796",963
"4797",964
"4798",964
"4799",964
"4800",964
"4801",964
"4802",965
"4803",965
"4804",965
"4805",965
"4806",965
"4807",966
"4808",966
"4809",966
"4810",966
"4811",966
"4812",967
"4813",967
"4814",967
"4815",967
"4816",967
"4817",968
"4818",968
"4819",968
"4820",968
"4821",968
"4822",969
"4823",969
"4824",969
"4825",969
"4826",969
"4827",970
"4828",970
"4829",970
"4830",970
"4831",970
"4832",971
"4833",971
"4834",971
"4835",971
"4836",971
"4837",972
"4838",972
"4839",972
"4840",972
"4841",972
"4842",973
"4843",973
"4844",973
"4845",973
"4846",973
"4847",974
"4848",974
"4849",974
"4850",974
"4851",974
"4852",975
"4853",975
"4854",975
"4855",975
"4856",975
"4857",976
"4858",976
"4859",976
"4860",976
"4861",976
"4862",977
"4863",977
"4864",977
"4865",977
"4866",977
"4867",978
"4868",978
"4869",978
"4870",978
"4871",978
"4872",979
"4873",979
"4874",979
"4875",979
"4876",979
"4877",980
"4878",980
"4879",980
"4880",980
"4881",980
"4882",981
"4883",981
"4884",981
"4885",981
"4886",981
"4887",982
"4888",982
"4889",982
"4890",982
"4891",982
"4892",983
"4893",983
"4894",983
"4895",983
"4896",983
"4897",984
"4898",984
"4899",984
"4900",984
"4901",984
"4902",985
"4903",985
"4904",985
"4905",985
"4906",985
"4907",986
"4908",986
"4909",986
"4910",986
"4911",986
"4912",987
"4913",987
"4914",987
"4915",987
"4916",987
"4917",988
"4918",988
"4919",988
"4920",988
"4921",988
"4922",989
"4923",989
"4924",989
"4925",989
"4926",989
"4927",990
"4928",990
"4929",990
"4930",990
"4931",990
"4932",991
"4933",991
"4934",991
"4935",991
"4936",991
"4937",992
"4938",992
"4939",992
"4940",992
"4941",992
"4942",993
"4943",993
"4944",993
"4945",993
"4946",993
"4947",994
"4948",994
"4949",994
"4950",994
"4951",994
"4952",995
"4953",995
"4954",995
"4955",995
"4956",995
"4957",996
"4958",996
"4959",996
"4960",996
"4961",996
"4962",997
"4963",997
"4964",997
"4965",997
"4966",997
"4967",998
"4968",998
"4969",998
"4970",998
"4971",998
"4972",999
"4973",999
"4974",999
"4975",999
"4976",999
