0.1,8,7,1
0.1,5,1,1
0.1,1,9,1
0.1,7,4,1
0,4,5,1
0.5,1,6,2
0.6,4,10,2
0.6,8,3,2
0.5,3,9,2
0.5,2,4,2
0.3,4,6,3
0.3,8,4,3
0.6,3,10,3
0.4,5,9,3
0.7,9,5,3
0.1,7,7,4
0.1,8,6,4
0.2,5,9,4
0.8,4,10,4
0.2,6,1,4
0.1,4,1,5
0.1,5,4,5
0.1,3,8,5
0.1,9,9,5
0.1,10,3,5
0.1,3,7,6
0.1,9,9,6
0.1,4,2,6
0.1,7,10,6
0.1,5,6,6
0.9,5,10,7
0.9,1,5,7
0.9,9,8,7
0.9,8,7,7
0.9,6,9,7
0.6,10,8,8
0.2,2,7,8
0.9,1,3,8
0.5,5,9,8
0.4,7,6,8
0.9,10,1,9
0.9,3,7,9
0.6,2,2,9
0.6,7,10,9
0.1,9,4,9
0.5,4,7,10
0.5,1,8,10
0.5,8,4,10
0.5,9,5,10
0.5,7,3,10
0.9,6,7,11
0.9,10,5,11
0.9,1,10,11
0.9,4,6,11
0.9,8,3,11
0.3,2,1,12
0.9,9,10,12
0.5,5,6,12
0.6,3,4,12
0.3,6,3,12
0.1,8,6,13
0.9,2,3,13
0.9,1,9,13
0.9,4,2,13
0.9,6,1,13
0.9,6,10,14
0.2,1,1,14
0.4,5,5,14
0.1,3,9,14
0.1,4,2,14
0.6,9,4,15
0.7,10,6,15
0.5,3,7,15
0.6,5,5,15
0.7,7,3,15
0.5,2,4,16
0.6,6,3,16
0.5,1,2,16
0.5,3,6,16
0.6,10,7,16
0.5,3,4,17
0.5,6,6,17
0.5,5,2,17
0.5,8,1,17
0.5,4,5,17
0.9,2,7,18
0.9,9,2,18
0.9,4,5,18
0.9,5,3,18
0.9,7,6,18
0.1,1,5,19
0.1,8,3,19
0.4,3,9,19
0.1,7,2,19
0.2,4,6,19
0.9,1,6,20
0.9,7,2,20
0.9,8,7,20
0.9,3,1,20
0.9,6,5,20
0.5,8,7,21
0.1,10,3,21
0.5,6,9,21
0.4,4,4,21
0.1,2,5,22
0.9,10,6,22
0.3,3,9,22
0.3,4,7,22
0.6,5,3,22
0.9,2,2,23
0.9,10,4,23
0.9,9,8,23
0.9,3,3,23
0.9,8,7,23
0.1,3,7,24
0.9,8,9,24
0.9,10,2,24
0.1,1,4,24
0.1,2,1,24
0.1,7,3,25
0.1,4,4,25
0.1,2,8,25
0.1,1,2,25
0.1,6,7,25
0.2,6,1,26
0.1,10,6,26
0.2,3,5,26
0.1,8,8,26
0.1,1,3,26
0.5,1,6,27
0.9,6,8,27
0.9,4,2,27
0.5,9,10,27
0.6,7,9,27
0.8,4,5,28
0.8,9,10,28
0.2,7,2,28
0.8,2,3,28
0.8,8,7,28
0.1,8,4,29
0.1,1,2,29
0.1,5,7,29
0.1,9,6,29
0.9,2,10,29
0.5,7,8,30
0.3,9,9,30
0.6,4,5,30
0.1,10,3,30
0.6,3,6,30
0.6,2,9,31
0.9,7,10,31
0.2,5,6,31
0.2,8,7,31
0.1,4,2,31
0.7,1,3,32
0.4,7,4,32
0.3,8,9,32
0.7,3,8,32
0.8,2,2,32
0.5,1,2,33
0.4,3,5,33
0.9,5,10,33
0.3,8,6,33
0.1,6,3,33
0.3,2,6,34
0.3,5,4,34
0.1,10,2,34
0.2,3,5,34
0.2,7,7,34
0.7,3,3,35
0.6,2,1,35
0.5,5,5,35
0.9,4,10,35
0.1,10,8,35
0.4,4,6,36
0.3,6,3,36
0.6,8,9,36
0.1,10,10,36
0.2,7,1,36
0.5,7,7,37
0.7,3,1,37
0.7,9,2,37
0.7,8,4,37
0.3,10,5,37
0.5,5,9,38
0.5,10,6,38
0.5,3,2,38
0.5,6,10,38
0.5,9,1,38
0.2,1,2,39
0.7,10,7,39
0.6,2,3,39
0.7,5,6,39
0.2,6,1,39
0.6,2,5,40
0.9,9,3,40
0.6,3,2,40
0.9,8,9,40
0.6,7,8,40
0.9,3,10,41
0.5,8,8,41
0.1,10,7,41
0.5,5,4,41
0.5,7,5,41
0.3,2,5,42
0.3,5,8,42
0.3,3,9,42
0.9,6,10,42
0.1,10,3,42
0.5,8,5,43
0.5,5,3,43
0.5,4,2,43
0.6,3,6,43
0.4,9,1,43
0.5,3,7,44
0.9,7,10,44
0.4,1,2,44
0.3,2,9,44
0.5,5,8,44
0.7,10,6,45
0.5,4,4,45
0.4,3,5,45
0.7,1,8,45
0.5,6,7,45
0.1,8,4,46
0.1,9,9,46
0.1,10,6,46
0.1,3,8,46
0.1,7,7,46
0.6,1,2,47
0.7,5,4,47
0.4,3,3,47
0.7,4,8,47
0.5,10,7,47
0.1,1,4,48
0.1,9,8,48
0.1,4,3,48
0.1,2,1,48
0.1,10,10,48
0.3,9,7,49
0.9,4,10,49
0.8,5,9,49
0.1,10,1,49
0.3,8,2,49
0.7,4,9,50
0.9,5,10,50
0.4,1,5,50
0.2,3,1,50
0.2,9,2,50
0.7,3,8,51
0.2,8,3,51
0.6,4,7,51
0.4,7,4,51
0.9,2,10,51
0.9,8,10,52
0.3,6,6,52
0.2,9,4,52
0.5,5,9,52
0.7,1,8,52
0.1,8,4,53
0.1,1,7,53
0.1,10,1,53
0.1,7,3,53
0.1,3,9,53
0.9,8,7,54
0.9,3,1,54
0.1,10,5,54
0.9,7,6,54
0.9,2,4,54
0.2,2,6,55
0.2,3,2,55
0.2,9,9,55
0.4,5,10,55
0.2,4,3,55
0.5,4,3,56
0.5,5,1,56
0.5,2,2,56
0.5,7,8,56
0.5,8,10,56
0.5,7,3,57
0.8,1,8,57
0.5,2,2,57
0.1,10,5,57
0.9,3,10,57
0.2,1,7,58
0.4,9,2,58
0.4,3,10,58
0.3,2,5,58
0.5,4,6,58
0.5,4,6,59
0.5,6,8,59
0.6,7,9,59
0.3,8,4,59
0.2,9,3,59
0.6,6,6,60
0.4,10,4,60
0.6,1,2,60
0.6,5,8,60
0.6,7,5,60
0.7,8,2,61
0.2,3,9,61
0.9,10,3,61
0.3,4,7,61
0.1,6,10,61
0.1,3,7,62
0.1,6,10,62
0.1,10,3,62
0.1,5,8,62
0.1,1,4,62
0.7,4,5,63
0.3,5,9,63
0.9,7,10,63
0.1,6,1,63
0.2,9,6,63
0.4,5,7,64
0.3,1,4,64
0.4,2,10,64
0.4,10,5,64
0.4,8,2,64
0.1,8,1,65
0.1,1,3,65
0.1,3,8,65
0.1,2,5,65
0.9,7,10,65
0.8,1,6,66
0.5,6,5,66
0.6,4,7,66
0.4,7,9,66
0.6,3,4,66
0.1,10,7,67
0.5,6,6,67
0.3,9,3,67
0.6,3,9,67
0.5,4,5,67
0.8,8,4,68
0.9,7,1,68
0.9,1,5,68
0.5,2,3,68
0.1,10,10,68
0.1,5,4,69
0.1,9,1,69
0.1,3,5,69
0.9,4,10,69
0.1,1,6,69
0.3,6,3,70
0.2,8,8,70
0.1,2,1,70
0.2,7,4,70
0.9,1,7,70
0.6,6,4,71
0.7,8,2,71
0.6,3,5,71
0.7,1,6,71
0.7,4,3,71
0.5,8,6,72
0.6,5,4,72
0.1,10,9,72
0.2,9,8,72
0.6,4,7,72
0.1,9,8,73
0.1,5,3,73
0.1,7,6,73
0.1,3,4,73
0.1,1,1,73
0.6,7,8,74
0.2,8,3,74
0.1,10,4,74
0.6,3,5,74
0.6,4,6,74
0.7,2,7,75
0.7,7,4,75
0.8,6,1,75
0.6,3,5,75
0.6,4,2,75
0.1,7,3,76
0.1,1,7,76
0.1,3,1,76
0.1,4,10,76
0.1,9,5,76
0.5,7,6,77
0.2,10,5,77
0.6,2,3,77
0.5,6,7,77
0.5,5,4,77
0.5,10,10,78
0.4,8,1,78
0.6,3,9,78
0.4,7,5,78
0.3,5,2,78
0.4,3,3,79
0.5,1,7,79
0.5,9,8,79
0.5,7,6,79
0.3,8,4,79
0.2,9,3,80
0.5,6,8,80
0.9,2,10,80
0.7,5,7,80
0.1,10,5,80
0.9,4,2,81
0.9,9,3,81
0.9,7,1,81
0.9,8,10,81
0.9,6,8,81
0.5,6,4,82
0.3,8,6,82
0.3,7,8,82
0.8,2,1,82
0.2,5,7,82
0.3,1,3,83
0.9,10,10,83
0.7,6,2,83
0.6,7,5,83
0.5,9,9,83
0.9,4,6,84
0.9,3,2,84
0.9,1,4,84
0.9,6,10,84
0.9,8,5,84
0.8,8,10,85
0.9,6,9,85
0.9,10,7,85
0.9,7,1,85
0.9,4,6,85
0.1,9,10,86
0.1,1,2,86
0.1,8,6,86
0.1,4,4,86
0.1,3,5,86
0.2,8,2,87
0.6,1,9,87
0.5,7,8,87
0.3,4,1,87
0.6,3,5,87
0.5,5,1,88
0.5,2,7,88
0.5,3,2,88
0.5,6,8,88
0.5,9,5,88
0.2,9,5,89
0.5,3,3,89
0.5,2,2,89
0.5,6,9,89
0.5,7,7,89
0.1,10,5,90
0.5,8,7,90
0.6,5,10,90
0.9,2,3,90
0.3,9,9,90
0.5,6,4,91
0.1,10,3,91
0.5,3,1,91
0.5,4,2,91
0.5,7,6,91
0.5,5,8,92
0.6,6,1,92
0.3,3,10,92
0.8,9,5,92
0.2,1,4,92
0.2,9,6,93
0.9,4,10,93
0.1,5,2,93
0.2,7,9,93
0.2,3,8,93
0.8,1,3,94
0.7,10,10,94
0.4,3,6,94
0.8,4,9,94
0.6,7,1,94
0.5,6,1,95
0.5,5,7,95
0.5,8,5,95
0.5,3,4,95
0.1,10,3,95
0.7,1,1,96
0.3,4,7,96
0.1,10,10,96
0.5,3,5,96
0.4,2,3,96
0.9,6,10,97
0.9,10,1,97
0.2,8,9,97
0.8,2,6,97
0.6,5,8,97
0.3,6,5,98
0.6,3,2,98
0.7,9,7,98
0.6,7,6,98
0.5,1,1,98
0.2,6,6,99
0.8,1,7,99
0.7,3,8,99
0.2,5,4,99
0.1,4,1,99
0.6,8,9,100
0.6,3,2,100
0.6,9,4,100
0.6,7,7,100
0.9,10,10,100
0.6,4,5,101
0.3,7,2,101
0.8,1,4,101
0.7,3,6,101
0.5,5,8,101
0.7,7,5,102
0.5,5,1,102
0.8,6,10,102
0.8,10,2,102
0.3,2,4,102
0.1,1,4,103
0.1,8,3,103
0.1,2,9,103
0.1,10,1,103
0.1,4,2,103
0.3,6,1,104
0.5,4,3,104
0.1,10,7,104
0.2,9,5,104
0.3,7,2,104
0.1,4,1,105
0.2,1,7,105
0.5,8,3,105
0.3,3,10,105
0.2,6,6,105
0.1,3,9,106
0.1,1,1,106
0.1,8,2,106
0.1,5,7,106
0.1,10,3,106
0.3,6,8,107
0.8,3,9,107
0.2,8,2,107
0.2,10,6,107
0.5,5,5,107
0.6,3,1,108
0.6,4,7,108
0.4,8,10,108
0.6,6,9,108
0.5,5,2,108
0.5,8,7,109
0.3,10,2,109
0.8,3,4,109
0.5,5,5,109
0.7,4,8,109
0.8,9,5,110
0.3,3,3,110
0.2,2,8,110
0.7,6,4,110
0.6,4,7,110
0.5,4,6,111
0.5,7,2,111
0.5,8,9,111
0.5,2,1,111
0.5,10,3,111
0.5,5,4,112
0.9,1,7,112
0.7,10,5,112
0.2,6,1,112
0.2,4,8,112
0.8,1,8,113
0.2,8,4,113
0.2,7,5,113
0.7,5,6,113
0.9,3,2,113
0.5,7,4,114
0.5,4,5,114
0.5,3,8,114
0.5,2,2,114
0.5,9,7,114
0.7,1,8,115
0.5,6,3,115
0.3,5,4,115
0.2,9,10,115
0.2,7,7,115
0.8,9,10,116
0.6,3,6,116
0.6,10,9,116
0.4,5,8,116
0.5,1,1,116
0.7,1,1,117
0.6,8,5,117
0.7,9,9,117
0.7,3,3,117
0.6,5,2,117
0.7,10,10,118
0.4,8,3,118
0.6,6,8,118
0.9,1,5,118
0.4,7,7,118
0.4,3,9,119
0.6,7,10,119
0.6,6,4,119
0.6,4,5,119
0.6,10,2,119
0.7,1,3,120
0.1,10,4,120
0.3,8,10,120
0.6,3,7,120
0.8,2,5,120
0.8,5,7,121
0.8,1,2,121
0.8,2,8,121
0.8,6,4,121
0.8,7,6,121
0.1,9,8,122
0.1,1,5,122
0.1,8,9,122
0.1,4,1,122
0.1,7,10,122
0.4,5,8,123
0.3,8,5,123
0.1,1,1,123
0.3,9,9,123
0.4,6,2,123
0.6,2,8,124
0.5,6,9,124
0.5,5,6,124
0.3,1,1,124
0.3,3,3,124
0.2,8,2,125
0.8,7,10,125
0.5,2,1,125
0.4,6,5,125
0.8,3,9,125
0.8,4,9,126
0.5,10,10,126
0.2,7,1,126
0.2,9,7,126
0.4,5,3,126
0.9,1,10,127
0.6,3,4,127
0.4,5,3,127
0.1,10,7,127
0.8,2,5,127
0.2,1,1,128
0.2,9,9,128
0.2,2,7,128
0.2,3,5,128
0.1,6,10,128
0.2,7,2,129
0.1,10,1,129
0.7,2,9,129
0.2,8,6,129
0.2,4,4,129
0.5,4,3,130
0.5,5,8,130
0.5,1,5,130
0.5,7,2,130
0.5,10,1,130
0.5,7,7,131
0.5,8,10,131
0.5,3,1,131
0.5,5,8,131
0.5,1,9,131
0.4,4,5,132
0.5,10,10,132
0.2,8,1,132
0.2,7,3,132
0.2,5,2,132
0.7,4,5,133
0.5,3,9,133
0.3,6,4,133
0.5,1,3,133
0.6,8,7,133
0.2,6,2,134
0.2,7,3,134
0.2,4,10,134
0.2,2,9,134
0.2,1,7,134
0.5,1,7,135
0.5,8,4,135
0.1,10,9,135
0.5,3,2,135
0.5,6,3,135
0.1,8,9,136
0.1,5,6,136
0.1,3,8,136
0.1,2,1,136
0.1,4,5,136
0.4,2,8,137
0.3,9,9,137
0.2,4,2,137
0.1,10,5,137
0.2,1,3,137
0.7,7,7,138
0.9,4,8,138
0.9,1,9,138
0.3,8,5,138
0.1,10,4,138
0.9,3,5,139
0.9,9,7,139
0.1,2,2,139
0.1,1,3,139
0.5,4,4,139
0.1,10,1,140
0.5,4,6,140
0.7,3,9,140
0.9,1,10,140
0.5,8,3,140
0.1,3,2,141
0.1,9,1,141
0.1,2,9,141
0.1,10,6,141
0.1,4,4,141
0.5,8,6,142
0.4,9,1,142
0.7,7,9,142
0.7,2,5,142
0.7,1,4,142
0.4,7,6,143
0.5,2,7,143
0.3,6,3,143
0.7,8,10,143
0.3,4,8,143
0.5,1,10,144
0.5,2,7,144
0.5,5,5,144
0.5,9,3,144
0.5,3,8,144
0.5,3,7,145
0.4,2,5,145
0.3,6,3,145
0.3,4,6,145
0.4,10,9,145
0.6,8,9,146
0.8,9,10,146
0.2,10,8,146
0.7,3,3,146
0.6,5,5,146
0.6,7,4,147
0.9,5,8,147
0.9,6,3,147
0.9,8,9,147
0.9,1,7,147
0.1,10,10,148
0.1,7,2,148
0.1,6,1,148
0.1,3,6,148
0.1,5,4,148
0.5,8,8,149
0.7,2,1,149
0.4,7,4,149
0.2,10,5,149
0.8,1,3,149
0.5,5,5,150
0.3,1,2,150
0.7,10,4,150
0.9,8,10,150
0.9,7,9,150
0.6,10,5,151
0.5,6,2,151
0.5,9,3,151
0.5,8,9,151
0.5,7,4,151
0.3,2,9,152
0.4,3,10,152
0.1,10,4,152
0.2,7,6,152
0.2,8,1,152
0.5,9,6,153
0.5,4,7,153
0.5,7,9,153
0.5,2,3,153
0.5,1,1,153
0.2,8,1,154
0.5,6,7,154
0.7,2,5,154
0.2,9,4,154
0.5,3,3,154
0.2,3,5,155
0.4,2,9,155
0.1,9,1,155
0.2,7,8,155
0.1,10,4,155
0.6,4,5,156
0.8,2,10,156
0.6,3,9,156
0.5,7,4,156
0,9,1,156
0.7,5,7,157
0.7,4,6,157
0.7,2,2,157
0.3,10,3,157
0.5,9,9,157
0.1,8,1,158
0.1,6,5,158
0.4,3,9,158
0.2,5,4,158
0.1,7,3,158
0.1,4,6,159
0.1,10,8,159
0.9,8,5,159
0.9,9,4,159
0.5,6,3,159
0.4,3,2,160
0.1,8,3,160
0.1,10,6,160
0.1,6,5,160
0.1,9,10,160
0.4,4,10,161
0.3,5,8,161
0.4,2,6,161
0.3,3,4,161
0.3,7,2,161
0.1,1,4,162
0.1,4,7,162
0.1,6,1,162
0.1,5,6,162
0.1,9,5,162
0.6,6,1,163
0.6,3,8,163
0.6,8,2,163
0.6,4,7,163
0.6,2,9,163
0.7,3,10,164
0.4,4,6,164
0.3,8,2,164
0.6,6,5,164
0.3,5,4,164
0.7,8,8,165
0.8,7,4,165
0.5,1,9,165
0.9,2,2,165
0.9,9,3,165
0.5,4,7,166
0.5,10,9,166
0.4,6,3,166
0.5,5,5,166
0.6,1,4,166
0.5,2,1,167
0.5,6,9,167
0.5,8,7,167
0.6,1,5,167
0.7,9,8,167
0.9,4,9,168
0.9,3,6,168
0.2,6,3,168
0.4,7,7,168
0.1,10,5,168
0.1,10,4,169
0.5,5,8,169
0.4,4,10,169
0.4,6,9,169
0.6,1,1,169
0.1,9,1,170
0.9,4,10,170
0.1,10,6,170
0.5,1,3,170
0.7,2,9,170
0.2,6,5,171
0.2,9,8,171
0.3,7,7,171
0.2,4,10,171
0.2,8,9,171
0.9,1,5,172
0.2,2,5,172
0.5,5,4,172
0.7,8,10,172
0.7,7,9,172
0.1,1,1,172
0.9,4,4,173
0.9,8,2,173
0.9,6,7,173
0.5,3,6,173
0.9,9,5,173
0.5,6,9,174
0.6,3,7,174
0.2,9,1,174
0.7,2,10,174
0.5,8,4,174
0.9,2,1,175
0.9,10,3,175
0.5,1,2,175
0.9,6,4,175
0.9,8,7,175
0.7,4,1,176
0.9,7,10,176
0.7,6,9,176
0.7,3,8,176
0.5,5,5,176
0.2,7,2,177
0.8,4,9,177
0.2,9,8,177
0.8,2,7,177
0.1,10,1,177
0.7,5,8,178
0.1,10,5,178
0.4,6,2,178
0.5,7,3,178
0.9,9,1,178
0.7,5,1,179
0.6,4,6,179
0.8,6,4,179
0.8,7,5,179
0.9,10,3,179
0.1,7,9,180
0.1,10,10,180
0.1,1,5,180
0.1,9,7,180
0.1,3,4,180
0.5,5,6,181
0.5,4,2,181
0.5,3,7,181
0.5,9,1,181
0.5,10,4,181
0.9,5,1,182
0.5,10,6,182
0.9,1,4,182
0.9,2,10,182
0.7,3,2,182
0.8,6,3,183
0.8,5,2,183
0.8,3,9,183
0.7,2,7,183
0.7,4,8,183
0.7,1,8,184
0.3,6,6,184
0.2,3,3,184
0.1,2,1,184
0.1,8,7,184
0.3,10,6,185
0.8,3,10,185
0.3,6,5,185
0.3,7,3,185
0.2,5,1,185
0.9,5,6,186
0.9,4,7,186
0.9,2,9,186
0.5,3,3,186
0.7,6,5,186
0.7,8,9,187
0.7,7,6,187
0.7,6,3,187
0.5,10,8,187
0.7,2,2,187
0.5,9,6,188
0.5,4,4,188
0.5,3,8,188
0.5,1,9,188
0.5,6,10,188
0.9,2,3,189
0.9,1,1,189
0.9,8,4,189
0.9,9,8,189
0.9,7,9,189
0.6,2,4,190
0.1,10,5,190
0.8,1,8,190
0.3,7,9,190
0.2,9,1,190
0.3,6,5,191
0.7,4,6,191
0.4,2,3,191
0.2,8,4,191
0.2,7,2,191
0.1,5,5,192
0.1,1,4,192
0.1,9,1,192
0.1,4,7,192
0.1,7,2,192
0.9,8,9,193
0.8,6,10,193
0.7,10,6,193
0.7,4,3,193
0.7,3,8,193
0.6,9,8,194
0.6,3,6,194
0.6,7,7,194
0.4,4,5,194
0.2,5,2,194
0.6,1,3,195
0.5,4,4,195
0.4,7,1,195
0.4,5,2,195
0.9,8,10,195
0.2,7,8,196
0.5,2,1,196
0.3,5,3,196
0.1,10,9,196
0.6,1,10,196
0.5,9,5,197
0.4,8,9,197
0.5,5,4,197
0.1,10,3,197
0.7,3,8,197
0.8,3,6,198
0.5,8,8,198
0.3,6,2,198
0.2,4,1,198
0.3,9,3,198
0.7,1,10,199
0.6,3,8,199
0.5,4,7,199
0.6,2,2,199
0.5,10,1,199
0.1,3,5,200
0.1,7,2,200
0.1,1,9,200
0.1,10,3,200
0.1,9,4,200
0.3,6,8,201
0.2,5,1,201
0.7,1,9,201
0.6,2,6,201
0.2,9,4,201
0.5,9,3,202
0.5,4,7,202
0.2,8,2,202
0.6,7,10,202
0.3,3,6,202
0.3,1,4,203
0.1,10,5,203
0.4,7,8,203
0.5,6,1,203
0.6,2,9,203
0.7,6,3,204
0.7,8,8,204
0.7,1,7,204
0.7,4,1,204
0.3,10,6,204
0.5,3,8,205
0.4,8,2,205
0.4,2,9,205
0.4,7,5,205
0.3,6,1,205
0.5,2,5,206
0.5,7,1,206
0.5,10,7,206
0.5,3,3,206
0.5,5,4,206
0.7,7,7,207
0.2,1,3,207
0.4,8,10,207
0.8,9,1,207
0.9,10,6,207
0.3,6,3,208
0.3,1,2,208
0.4,7,8,208
0.4,9,7,208
0.3,4,4,208
0.9,3,10,209
0.1,10,3,209
0.6,8,9,209
0.6,2,7,209
0.5,4,4,209
0.7,3,3,210
0.7,9,6,210
0.7,5,5,210
0.8,7,10,210
0.7,6,1,210
0.3,8,5,211
0.5,7,2,211
0.4,9,3,211
0.5,5,7,212
0.5,4,2,212
0.5,6,1,212
0.5,8,6,212
0.5,10,8,212
0.1,10,1,213
0.9,3,9,213
0.8,2,5,213
0.5,9,6,213
0.5,8,8,213
0.8,1,6,214
0.8,4,10,214
0.1,10,3,214
0.1,7,2,214
0.5,6,8,214
0.1,10,3,215
0.5,6,2,215
0.5,5,6,215
0.5,8,5,215
0.5,2,4,215
0.8,7,7,216
0.8,10,10,216
0.8,2,9,216
0.8,8,2,216
0.8,6,5,216
0.2,2,4,217
0.2,4,8,217
0.1,6,1,217
0.1,5,6,217
0.1,9,5,217
0.5,8,4,218
0.9,3,10,218
0.7,5,9,218
0.7,1,6,218
0.1,10,1,218
0.1,9,6,219
0.1,8,1,219
0.1,3,3,219
0.1,4,9,219
0.1,1,4,219
0.5,2,2,220
0.5,9,3,220
0.5,10,1,220
0.5,5,9,220
0.5,1,6,220
0.5,10,10,221
0.7,3,4,221
0.8,1,3,221
0.5,9,9,221
0.8,2,6,221
0.4,9,9,222
0.3,2,2,222
0.3,6,4,222
0.3,3,10,222
0.3,5,8,222
0.5,10,6,223
0.5,5,4,223
0.5,1,1,223
0.5,6,9,223
0.5,9,10,223
0.9,7,10,224
0.9,8,6,224
0.9,9,8,224
0.9,2,1,224
0.9,5,9,224
0.9,9,10,225
0.3,6,4,225
0.2,8,1,225
0.8,3,9,225
0.2,7,2,225
0.5,9,6,226
0.5,4,9,226
0.5,10,10,226
0.5,8,2,226
0.5,7,7,226
0.7,2,5,227
0.6,8,9,227
0.3,6,3,227
0.1,3,1,227
0.4,5,2,227
0.9,7,7,228
0.9,6,8,228
0.7,8,9,228
0.3,9,5,228
0.1,10,3,228
0.6,5,8,229
0.5,4,7,229
0.1,10,5,229
0.8,2,10,229
0.6,3,6,229
0.7,3,8,230
0.4,7,5,230
0.2,4,2,230
0.6,10,10,230
0.8,2,4,230
0.9,6,3,231
0.9,7,1,231
0.9,9,5,231
0.9,1,10,231
0.9,4,2,231
0.5,8,5,232
0.5,9,1,232
0.5,5,9,232
0.4,10,8,232
0.5,3,6,232
0.3,3,3,233
0.2,4,1,233
0.3,5,2,233
0.2,9,5,233
0.3,8,6,233
0.6,2,4,234
0.5,5,7,234
0.6,6,3,234
0.5,3,2,234
0.2,1,9,234
0.1,10,8,235
0.8,2,6,235
0.6,6,7,235
0.6,9,5,235
0.7,4,9,235
0.7,3,9,236
0.6,7,6,236
0.3,8,5,236
0.4,4,1,236
0.5,6,4,236
0.7,1,9,237
0.7,5,8,237
0.8,8,3,237
0.5,4,7,237
0.9,10,10,237
0.2,9,3,238
0.2,5,6,238
0.2,1,8,238
0.2,7,5,238
0.2,4,9,238
0.6,5,9,239
0.5,6,3,239
0.8,2,2,239
0.2,7,1,239
0.9,10,10,239
0.9,8,10,240
0.5,9,6,240
0.1,5,1,240
0.1,3,3,240
0.3,7,8,240
0.5,1,3,241
0.5,4,6,241
0.5,2,10,241
0.1,10,7,241
0.5,6,5,241
0.2,9,1,242
0.9,7,10,242
0.6,3,2,242
0.7,8,9,242
0.1,10,5,242
0.5,10,6,243
0.4,7,2,243
0.4,8,7,243
0.9,2,10,243
0.5,3,5,243
0.7,5,9,244
0.4,7,3,244
0.4,9,4,244
0.9,1,5,244
0.4,3,1,244
0.1,5,4,245
0.1,8,8,245
0.1,7,1,245
0.1,2,10,245
0.1,9,2,245
0.9,1,7,246
0.9,9,5,246
0.9,3,1,246
0.6,4,6,246
0.5,7,10,246
0.2,5,8,247
0.2,9,2,247
0.1,10,9,247
0.2,4,3,247
0.2,3,7,247
0.1,8,1,248
0.1,3,3,248
0.6,4,10,248
0.1,10,8,248
0.9,2,9,248
0.2,2,4,249
0.2,8,5,249
0.2,9,6,249
0.2,5,7,249
0.2,1,2,249
0.2,1,9,250
0.2,2,8,250
0.1,9,7,250
0.1,3,5,250
0.1,5,4,250
0.1,3,7,251
0.1,10,9,251
0.1,8,3,251
0.5,5,6,251
0.4,7,4,251
0.8,5,6,252
0.5,7,10,252
0.9,10,9,252
0.6,2,1,252
0.5,3,4,252
0.8,1,5,253
0.5,8,7,253
0.3,9,4,253
0.8,2,8,253
0.1,10,2,253
0.1,2,2,254
0.1,8,5,254
0.1,5,8,254
0.1,7,7,254
0.1,1,9,254
0.7,4,1,255
0.3,3,6,255
0.6,9,10,255
0.3,8,5,255
0.7,2,7,255
0.8,2,5,256
0.2,1,1,256
0.2,6,2,256
0.2,10,9,256
0.2,4,7,256
0.9,4,7,257
0.9,6,10,257
0.9,3,3,257
0.9,2,1,257
0.9,1,4,257
0.1,1,6,258
0.1,6,7,258
0.1,3,4,258
0.1,8,1,258
0.1,10,5,258
0.9,4,4,259
0.9,9,9,259
0.9,1,2,259
0.9,8,8,259
0.9,2,3,259
0.2,9,3,260
0.1,2,1,260
0.3,8,6,260
0.4,6,8,260
0.6,3,5,260
0.3,7,10,261
0.2,10,3,261
0.6,6,1,261
0.6,5,8,261
0.5,4,2,261
0.1,10,8,262
0.8,5,9,262
0.9,1,3,262
0.5,4,2,262
0.9,2,10,262
0.1,3,1,263
0.8,7,9,263
0.6,2,8,263
0.6,5,6,263
0.8,6,7,263
0.1,10,10,264
0.3,8,2,264
0.5,9,9,264
0.5,5,6,264
0.4,4,5,264
0.8,1,1,265
0.8,4,3,265
0.8,9,10,265
0.8,3,7,265
0.8,5,5,265
0.5,6,1,266
0.6,3,2,267
0.7,6,4,267
0.4,7,8,267
0.8,9,5,267
0.2,2,1,267
0.5,7,9,268
0.5,9,7,268
0.5,5,8,268
0.5,6,2,268
0.5,10,10,268
0.1,4,4,269
0.1,10,3,269
0.1,7,1,269
0.1,6,10,269
0.2,2,2,269
0.9,3,6,270
0.9,5,4,270
0.5,10,1,270
0.9,1,5,270
0.9,7,8,270
0.1,6,7,271
0.1,10,2,271
0.1,5,6,271
0.1,3,9,271
0.1,8,3,271
0.8,8,4,272
0.4,1,6,272
0.4,4,9,272
0.7,5,2,272
0.5,3,10,272
0.3,4,8,273
0.1,10,7,273
0.6,2,3,273
0.4,3,1,273
0.3,7,2,273
0.1,6,8,274
0.1,7,2,274
0.9,2,10,274
0.1,10,3,274
0.1,5,4,274
0.2,6,4,275
0.3,9,10,275
0.4,2,7,275
0.1,7,1,275
0.3,3,5,275
0.1,2,8,276
0.1,10,4,276
0.1,6,9,276
0.1,8,7,276
0.9,3,10,276
0.1,9,6,277
0.1,10,7,277
0.1,4,8,277
0.1,2,2,277
0.1,5,9,277
0.1,8,2,278
0.1,3,6,278
0.1,5,5,278
0.1,9,4,278
0.1,10,10,278
0.3,5,3,279
0.1,4,1,279
0.2,8,7,279
0.5,3,2,279
0.9,1,5,279
0.2,9,3,280
0.1,10,6,280
0.5,3,10,280
0.3,2,5,280
0.7,6,9,280
0.9,6,10,281
0.8,3,9,281
0.4,1,1,281
0.6,8,8,281
0.8,2,7,281
0.9,4,6,282
0.8,6,2,282
0.8,2,4,282
0.8,7,9,282
0.8,9,8,282
0.7,5,4,283
0.8,1,1,283
0.9,3,7,283
0.6,6,5,283
0.7,2,3,283
0.4,9,3,284
0.4,2,7,284
0.4,10,2,284
0.4,8,4,284
0.4,7,1,284
0.3,10,7,285
0.1,3,10,285
0.1,1,6,285
0.1,9,9,285
0.1,4,2,285
0.1,10,3,286
0.9,7,10,286
0.5,9,4,286
0.5,5,6,286
0.5,6,9,286
0.1,6,8,287
0.1,7,3,287
0.1,5,2,287
0.1,3,7,287
0.1,8,1,287
0.7,3,3,288
0.7,5,8,288
0.2,8,1,288
0.9,1,9,288
0.6,7,4,288
0.8,10,8,289
0.8,2,6,289
0.8,8,1,289
0.7,9,7,289
0.7,5,9,289
0.4,3,4,290
0.4,5,3,290
0.8,1,4,291
0.5,3,1,291
0.3,8,3,291
0.5,6,7,291
0.5,5,8,291
0.5,6,8,292
0.5,9,3,292
0.5,3,7,292
0.5,7,2,292
0.5,1,9,292
0.4,3,8,293
0.9,7,10,293
0.2,2,3,293
0.2,9,5,293
0.2,4,2,293
0.8,9,5,294
0.4,6,10,294
0.1,1,4,294
0.3,3,9,294
0.1,2,1,294
0.6,4,9,295
0.6,6,5,295
0.4,1,8,295
0.5,9,7,295
0.6,3,6,295
0.3,8,1,296
0.4,2,4,296
0.8,9,10,296
0.2,1,2,296
0.2,10,7,296
0.9,7,3,297
0.9,1,10,297
0.9,2,9,297
0.9,5,7,297
0.8,3,1,297
0.9,8,9,298
0.7,4,8,298
0.5,7,3,298
0.2,1,5,298
0.6,6,10,298
0.6,5,4,299
0.7,9,9,299
0.3,10,6,299
0.9,1,10,299
0.6,7,3,299
0.5,3,3,300
0.6,5,4,300
0.8,10,1,300
0.7,9,10,300
0.8,2,7,300
0.4,9,4,301
0.4,7,8,301
0.6,1,6,301
0.5,6,7,301
0.3,5,3,301
0.3,5,4,302
0.9,10,9,302
0.6,9,8,302
0.2,3,5,302
0.1,2,10,302
0.2,3,1,303
0.2,6,3,303
0.7,2,4,303
0.4,5,6,303
0.5,9,9,303
0.9,4,8,304
0.1,8,4,304
0.1,10,5,304
0.1,7,3,304
0.1,9,2,304
0.6,9,5,305
0.3,6,2,305
0.7,7,9,305
0.1,2,1,305
0.9,10,8,305
0.9,5,7,306
0.9,6,4,306
0.9,8,9,306
0.9,9,8,306
0.9,7,3,306
0.5,6,3,307
0.5,8,8,307
0.5,4,4,307
0.3,9,1,307
0.5,5,6,307
0.1,6,4,308
0.1,8,10,308
0.1,7,5,308
0.1,9,2,308
0.1,4,6,308
0.7,10,10,309
0.6,4,2,309
0.5,6,1,309
0.7,7,4,309
0.1,2,5,309
0.6,7,8,310
0.7,4,4,310
0.8,1,9,310
0.8,3,5,310
0.5,5,2,310
0.9,3,1,311
0.9,7,10,311
0.9,1,6,311
0.9,9,5,311
0.9,8,3,311
0.9,1,4,312
0.9,3,10,312
0.9,4,7,312
0.4,6,5,312
0.2,8,6,312
0.1,5,6,313
0.1,6,7,313
0.1,8,4,313
0.1,1,9,313
0.1,7,8,313
0.1,9,3,314
0.1,2,4,314
0.1,10,10,314
0.1,6,9,314
0.1,3,7,314
0.1,6,4,315
0.1,9,1,315
0.1,3,3,315
0.1,5,5,315
0.1,2,8,315
0.4,7,6,316
0.4,2,8,316
0.4,5,3,316
0.4,9,5,316
0.4,8,7,316
0.7,7,2,317
0.7,4,7,317
0.7,8,8,317
0.7,2,5,317
0.7,5,3,317
0.2,10,9,318
0.4,3,6,318
0.1,1,8,318
0.3,4,1,318
0.3,7,2,318
0.1,3,8,319
0.1,4,6,319
0.1,7,1,319
0.1,6,4,319
0.9,9,10,319
0.8,8,6,320
0.2,2,2,320
0.1,3,9,320
0.1,4,4,320
0.1,1,1,320
0.5,2,4,321
0.4,10,9,321
0.2,4,1,321
0.3,8,10,321
0.2,5,3,321
0.5,7,9,322
0.3,10,3,322
0.5,4,7,322
0.6,8,10,322
0.5,6,5,322
0.6,8,7,323
0.6,2,9,323
0.3,5,1,323
0.3,7,4,323
0.7,3,6,323
0.5,6,6,324
0.5,1,9,324
0.5,5,4,324
0.5,2,8,324
0.5,3,3,324
0.5,10,10,325
0.5,6,5,325
0.3,9,1,325
0.4,7,2,325
0.6,2,3,325
0.7,10,3,326
0.5,3,9,326
0.7,5,6,326
0.4,6,5,326
0.6,7,8,326
0.7,10,2,327
0.8,2,7,327
0.8,7,5,327
0.7,4,1,327
0.6,6,9,327
0.5,5,5,328
0.5,3,2,328
0.9,9,1,328
0.1,1,9,328
0.1,2,7,328
0.2,2,1,329
0.2,6,4,329
0.2,9,8,329
0.9,1,10,329
0.2,4,7,329
0.9,5,4,330
0.9,10,6,330
0.9,6,7,330
0.2,1,5,330
0.3,3,3,330
0.5,10,6,331
0.6,8,8,331
0.5,6,7,331
0.7,2,3,331
0.7,3,5,331
0.6,7,2,332
0.8,5,9,332
0.2,9,4,332
0.7,3,3,332
0.8,1,6,332
0.4,5,7,333
0.4,3,2,333
0.1,10,10,333
0.4,7,1,333
0.4,6,9,333
0.8,2,5,334
0.1,10,7,334
0.1,7,1,334
0.2,4,8,334
0.7,3,3,334
0.2,5,5,335
0.7,3,9,335
0.1,8,1,335
0.1,10,10,335
0.3,4,2,335
0.9,9,10,336
0.5,1,1,336
0.6,2,4,336
0.5,3,3,336
0.5,6,6,336
0.4,7,3,336
0.8,1,7,336
0.4,4,2,336
0.5,6,6,336
0.1,10,8,336
0.1,7,1,337
0.1,5,7,337
0.9,8,10,337
0.1,1,6,337
0.1,2,3,337
0.5,1,7,338
0.5,6,8,338
0.5,7,10,338
0.5,9,5,338
0.5,8,9,338
0.9,5,7,339
0.1,3,8,339
0.1,8,4,339
0.1,9,9,339
0.1,10,5,339
0.1,8,1,340
0.5,9,5,340
0.9,4,10,340
0.9,2,3,340
0.2,5,2,340
0.1,5,6,341
0.9,7,10,341
0.1,6,8,341
0.1,3,3,341
0.1,2,7,341
0.3,2,9,342
0.7,8,10,342
0.1,9,3,342
0.2,6,8,342
0.2,3,1,342
0.2,1,2,343
0.7,2,9,343
0.3,9,4,343
0.9,6,10,343
0.2,3,6,343
0.2,4,6,344
0.7,1,4,344
0.2,8,3,344
0.5,5,2,344
0.2,9,1,344
0.1,10,8,345
0.6,8,9,345
0.7,3,7,345
0.9,2,10,345
0.3,7,3,345
0.6,7,5,346
0.2,5,1,346
0.1,6,10,346
0.2,10,8,346
0.8,1,4,346
0.5,7,2,347
0.5,8,7,347
0.5,4,9,347
0.5,9,4,347
0.5,2,8,347
0.8,6,2,348
0.3,3,8,348
0.5,4,4,348
0.8,7,7,348
0.1,1,9,348
0.6,6,8,349
0.9,9,7,349
0.8,8,2,349
0.5,5,5,349
0.4,7,6,349
0.6,1,9,350
0.5,7,8,350
0.3,5,2,350
0.1,10,1,350
0.6,8,3,350
0.7,1,3,351
0.3,5,2,351
0.8,2,6,351
0.6,3,4,351
0.2,6,1,351
0.8,7,5,352
0.8,4,2,352
0.9,10,1,352
0.9,2,8,352
0.9,8,6,352
0.2,3,6,353
0.2,1,4,353
0.9,2,10,353
0.2,8,2,353
0.2,4,1,353
0.9,10,5,354
0.9,1,3,354
0.9,3,9,354
0.9,9,6,354
0.9,7,1,354
0.1,10,2,355
0.5,7,5,355
0.1,9,1,355
0.9,1,8,355
0.5,6,7,355
0.5,6,8,356
0.5,2,2,356
0.9,1,10,356
0.5,7,4,356
0.5,5,5,356
0.2,3,6,357
0.1,4,2,357
0.1,5,7,357
0.1,9,9,357
0.9,6,10,357
0.2,3,4,358
0.8,9,2,358
0.7,7,6,358
0.2,4,3,358
0.3,2,10,358
0.2,10,8,359
0.6,8,2,359
0.5,9,3,359
0.7,7,6,359
0.9,2,5,359
0.3,5,3,360
0.3,10,1,360
0.7,1,8,360
0.5,7,9,360
0.3,9,2,360
0.9,5,6,361
0.9,1,10,361
0.9,9,2,361
0.9,3,4,361
0.9,2,9,361
0.5,2,4,362
0.5,1,3,362
0.5,4,8,362
0.5,9,6,362
0.5,3,2,362
0.6,4,9,363
0.8,5,10,363
0.4,6,6,363
0.6,9,8,363
0.2,10,2,363
0.4,6,4,364
0.3,7,1,364
0.1,10,7,364
0.3,4,9,364
0.3,8,8,364
0.3,7,8,365
0.2,5,4,365
0.4,1,6,365
0.3,3,3,365
0.1,9,1,365
0.9,8,10,366
0.9,1,5,366
0.5,10,4,366
0.7,4,2,366
0.8,3,6,366
0.9,1,8,367
0.2,9,3,367
0.5,2,2,367
0.5,8,7,367
0.1,10,5,367
0.1,2,3,368
0.2,6,6,368
0.9,4,10,368
0.4,1,5,368
0.5,8,9,368
0.8,9,10,369
0.7,2,6,369
0.8,8,4,369
0.8,1,3,369
0.7,3,5,369
0.4,5,3,370
0.3,9,8,370
0.4,7,5,370
0.3,2,4,370
0.4,4,9,370
0.6,1,7,371
0.9,8,10,371
0.7,3,5,371
0.6,9,3,371
0.7,2,9,371
0.1,5,5,372
0.1,2,7,372
0.1,7,2,372
0.1,4,10,372
0.1,8,1,372
0.5,5,6,373
0.5,7,8,373
0.5,1,7,373
0.5,4,4,373
0.5,6,5,373
0.3,9,7,374
0.4,3,6,374
0.9,1,10,374
0.2,4,1,374
0.5,5,9,374
0.3,7,7,375
0.2,10,4,375
0.5,2,3,375
0.1,9,9,375
0.9,6,10,375
0.9,6,8,376
0.7,3,1,376
0.7,7,6,376
0.8,1,10,376
0.8,8,5,376
0.6,6,8,377
0.7,4,4,377
0.7,8,1,377
0.6,7,5,377
0.7,9,10,377
0.1,1,1,378
0.7,2,7,378
0.8,4,9,378
0.1,6,3,378
0.1,5,4,378
0.5,2,1,379
0.6,3,9,379
0.7,1,10,379
0.6,5,7,379
0.4,7,4,379
0.8,5,9,380
0.4,8,3,380
0.1,9,5,380
0.2,2,10,380
0.5,6,4,380
0.8,2,7,381
0.9,6,10,381
0.8,5,9,381
0.1,10,5,381
0.2,9,4,381
0.1,7,7,382
0.1,9,4,382
0.1,6,3,382
0.1,8,1,382
0.1,1,8,382
0.8,4,10,383
0.6,9,2,383
0.4,6,5,383
0.6,2,6,383
0.7,3,8,383
0.9,10,2,384
0.9,5,8,384
0.3,8,1,384
0.3,9,4,384
0.2,4,3,384
0.6,4,4,385
0.1,10,9,385
0.6,7,3,385
0.9,1,5,385
0.8,5,8,385
0.5,1,7,386
0.5,4,8,386
0.5,7,9,386
0.5,3,1,386
0.5,8,2,386
0.1,10,9,387
0.1,2,10,387
0.1,4,3,387
0.1,1,6,387
0.1,3,1,387
0.8,6,2,388
0.7,4,3,388
0.5,7,10,388
0.5,1,7,388
0.5,5,9,388
0.9,1,3,389
0.9,9,6,389
0.9,8,5,389
0.9,7,4,389
0.9,10,2,389
0.4,9,5,390
0.3,8,6,390
0.5,4,7,390
0.6,3,8,390
0.4,10,9,390
0.1,10,6,391
0.4,7,1,391
0.3,9,8,391
0.4,8,5,391
0.4,6,4,391
0.4,7,4,392
0.6,1,6,392
0.5,3,5,392
0.6,2,7,392
0.9,9,10,392
0.5,2,6,393
0.5,7,4,393
0.7,4,10,393
0.5,5,5,393
0.5,1,1,393
0.8,6,10,394
0.5,8,6,394
0.5,5,2,394
0.5,7,7,394
0.5,4,3,394
0.5,6,8,395
0.5,7,5,395
0.7,3,3,395
0.7,2,4,395
0.4,9,6,395
0.3,5,4,396
0.6,1,9,396
0.3,4,2,396
0.6,9,7,396
0.6,8,1,396
0.9,3,10,397
0.7,6,3,397
0.8,2,1,397
0.8,4,2,397
0.9,10,7,397
0.1,8,8,398
0.1,10,9,398
0.1,6,2,398
0.1,1,6,398
0.1,3,4,398
0.9,10,6,399
0.9,5,7,399
0.8,6,5,399
0.2,7,1,399
0.7,3,8,399
0.5,2,7,400
0.6,3,9,400
0.4,9,5,400
0.9,8,10,400
0.1,7,1,400
0.8,5,2,401
0.4,10,8,401
0.8,9,3,401
0.8,6,7,401
0.8,8,9,401
0.9,8,5,402
0.9,4,4,402
0.9,6,9,402
0.9,1,10,402
0.9,2,8,402
0.3,5,3,403
0.9,3,10,403
0.2,8,7,403
0.2,2,6,403
0.3,6,5,403
0.7,4,8,404
0.1,10,9,404
0.9,1,4,404
0.2,6,1,404
0.8,3,5,404
0.3,3,7,405
0.3,5,3,405
0.7,1,5,405
0.4,4,6,405
0.1,10,1,405
0.1,10,7,406
0.3,5,5,406
0.7,7,9,406
0.5,3,8,406
0.7,2,6,406
0.4,5,6,407
0.9,10,7,407
0.4,3,4,407
0,8,1,407
0.5,7,9,407
0.4,9,9,408
0.2,10,3,408
0.4,7,2,408
0.8,1,8,408
0.7,4,4,408
0.7,7,7,409
0.2,10,1,409
0.7,8,9,409
0.3,5,4,409
0.5,6,6,409
0.1,1,1,410
0.1,3,4,410
0.1,5,3,410
0.1,2,2,410
0.9,4,10,410
0.8,3,10,411
0.4,10,7,411
0.5,1,2,411
0.4,7,1,411
0.4,6,4,411
0.9,3,2,412
0.8,10,6,412
0.8,9,10,412
0.8,1,5,412
0.8,2,8,412
0.1,4,10,413
0.1,2,3,413
0.1,8,8,413
0.1,6,4,413
0.1,5,9,413
0.6,8,5,414
0.8,7,9,414
0.6,2,2,414
0.9,1,3,414
0.6,6,6,414
0.5,7,5,415
0.3,8,2,415
0.6,4,6,415
0.2,10,7,415
0.5,6,3,415
0.7,8,10,416
0.6,4,3,416
0.7,1,8,416
0.7,3,2,416
0.6,6,9,416
0.6,5,8,417
0.6,3,6,417
0.5,7,7,417
0.2,10,9,417
0.3,6,5,417
0.2,10,9,418
0.2,2,3,418
0.2,5,8,418
0.2,3,1,418
0.2,6,2,418
0.8,9,10,419
0.5,3,8,419
0.4,2,9,419
0.1,4,1,419
0.8,1,5,419
0.2,7,2,420
0.8,3,8,420
0.1,10,1,420
0.5,4,4,420
0.4,5,6,420
0.3,4,3,421
0.2,7,2,421
0.5,5,5,421
0.7,3,10,421
0.3,6,1,421
0.5,5,10,422
0.5,6,6,422
0.5,10,8,422
0.5,2,9,422
0.5,1,4,422
0.3,9,4,423
0.2,4,1,423
0.1,10,5,423
0.5,3,2,423
0.2,2,3,423
0.5,5,2,424
0.6,7,4,424
0.5,4,7,424
0.8,9,9,424
0.4,3,5,424
0.5,2,1,425
0.4,8,2,425
0.5,9,10,425
0.4,10,6,425
0.4,3,5,425
0.6,3,4,426
0.7,2,9,426
0.6,8,8,426
0.5,5,3,426
0.9,7,10,426
0.7,4,8,427
0.9,8,10,427
0.3,5,4,427
0.8,1,7,427
0.1,10,6,427
0.2,5,1,428
0.2,3,3,428
0.2,2,7,428
0.2,1,8,428
0.2,8,5,428
0.9,5,10,429
0.8,4,7,429
0.9,1,4,429
0.8,10,5,429
0.8,7,3,429
0.7,4,7,430
0.9,7,10,430
0.8,9,6,430
0.7,2,9,430
0.1,10,2,430
0.7,6,4,431
0.7,4,2,431
0.3,7,7,431
0.2,8,10,431
0.3,1,6,431
0.8,8,1,432
0.8,9,8,432
0.9,6,2,432
0.1,1,4,432
0.1,2,6,432
0.1,8,6,433
0.1,2,7,433
0.1,5,1,433
0.1,6,2,433
0.1,3,8,433
0.7,9,9,434
0.1,10,2,434
0.7,7,4,434
0.7,8,6,434
0.8,2,3,434
0.6,6,3,435
0.4,3,8,435
0.6,1,1,435
0.7,8,2,435
0.7,10,4,435
0.7,1,3,436
0.7,6,2,436
0.7,4,10,436
0.7,8,4,436
0.7,7,5,436
0.4,3,3,437
0.9,8,9,437
0.6,5,1,437
0.3,2,10,437
0.6,6,6,437
0.2,3,9,438
0.2,4,2,438
0.1,9,1,438
0.2,7,4,438
0.3,8,6,438
0.7,7,4,439
0.9,9,5,439
0.8,6,2,439
0.2,1,10,439
0.9,10,8,439
0.5,6,8,440
0.5,9,1,440
0.5,7,6,440
0.7,2,10,440
0.5,4,2,440
0.3,8,5,441
0.5,2,8,441
0.2,7,2,441
0.9,9,10,441
0.3,5,3,441
0.8,2,8,442
0.3,7,2,442
0.3,4,7,442
0.9,1,6,442
0.5,5,9,442
0.4,4,2,443
0.1,10,4,443
0.7,1,5,443
0.4,7,7,443
0.7,3,9,443
0.7,3,5,444
0.8,6,6,444
0.8,5,10,444
0.8,9,8,444
0.8,4,7,444
0.2,3,7,445
0.2,4,5,445
0.7,6,2,445
0.2,1,9,445
0.8,8,10,445
0.1,10,1,446
0.6,9,6,446
0.5,4,3,446
0.7,1,5,446
0.6,2,4,446
0.4,6,1,447
0.3,9,8,447
0.4,7,3,447
0.6,1,6,447
0.6,2,2,447
0.7,1,2,448
0.7,5,8,448
0.7,2,6,448
0.7,6,9,448
0.7,4,1,448
0.5,7,7,449
0.2,1,9,449
0.7,2,1,449
0.9,9,8,449
0.8,8,6,449
0.5,4,4,450
0.4,7,6,450
0.5,3,3,450
0.5,2,5,450
0.4,8,2,450
0.7,1,7,451
0.8,7,2,451
0.8,4,5,451
0.4,3,1,451
0.8,6,8,451
0.1,10,8,452
0.5,9,7,452
0.7,5,2,452
0.8,2,6,452
0.6,7,9,452
0.9,9,10,453
0.5,8,7,453
0.6,3,6,453
0.5,5,4,453
0.5,1,2,453
0.2,8,5,454
0.7,2,7,454
0.2,1,8,454
0.4,7,2,454
0.6,3,9,454
0.5,4,5,455
0.5,8,9,455
0.5,7,2,455
0.5,1,3,455
0.5,3,10,455
0.2,4,6,456
0.2,6,8,456
0.2,8,7,456
0.2,7,9,456
0.2,5,4,456
0.1,9,4,457
0.1,3,9,457
0.1,1,3,457
0.9,5,10,457
0.1,6,1,457
0.9,4,2,458
0.5,2,1,458
0.5,3,5,458
0.9,8,7,458
0.1,5,6,458
0.5,8,6,459
0.5,5,1,459
0.5,6,4,459
0.5,3,7,459
0.5,7,3,459
0.1,8,1,460
0.8,4,3,460
0.8,2,7,460
0.5,10,5,460
0.4,5,6,460
0.5,4,2,461
0.6,5,8,461
0.5,3,3,461
0.7,1,5,461
0.6,6,4,461
0.5,2,7,462
0.5,6,2,462
0.5,5,4,462
0.5,3,5,462
0.5,9,6,462
0.9,8,9,463
0.7,4,8,463
0.3,9,5,463
0.2,5,2,463
0.1,10,7,463
0.3,5,1,464
0.9,3,10,464
0.1,10,9,464
0.3,8,4,464
0.5,2,7,464
0.9,1,10,465
0.7,2,9,465
0.5,9,7,465
0.1,3,3,465
0,8,8,465
0.1,10,8,466
0.2,8,2,466
0.8,4,10,466
0.3,9,6,466
0.5,5,5,466
0.5,5,6,467
0.3,4,5,467
0.4,7,3,467
0.9,10,8,467
0.3,9,1,467
0.6,5,2,468
0.7,6,9,468
0.6,4,6,468
0.7,1,4,468
0.6,7,10,468
0.8,1,7,469
0.5,7,6,469
0.2,8,2,469
0.6,2,5,469
0.3,5,4,469
0.3,1,3,470
0.4,7,6,470
0.4,3,9,470
0.2,9,5,470
0.2,8,2,470
0.6,5,8,471
0.4,10,3,471
0.5,8,6,471
0.4,9,9,471
0.9,6,10,471
0.2,3,3,472
0.4,1,7,472
0.3,8,6,472
0.3,9,2,472
0.9,2,10,472
0.7,5,9,473
0.1,10,2,473
0.9,6,10,473
0.7,8,1,473
0.5,4,7,473
0.5,7,4,474
0.9,4,10,474
0.7,1,8,474
0.4,6,2,474
0.3,9,6,474
0.4,8,6,475
0.4,7,5,475
0.5,1,8,475
0.5,3,3,475
0.5,5,7,475
0.4,5,2,476
0.6,2,3,476
0.2,10,1,476
0.8,4,10,476
0.5,7,7,476
0.5,2,6,477
0.5,4,8,477
0.5,6,9,477
0.9,5,10,477
0.5,7,7,477
0.5,2,2,478
0.5,5,7,478
0.7,9,1,478
0.6,7,8,478
0.5,1,10,478
0.6,7,6,479
0.5,2,2,479
0,1,1,479
0.3,3,8,479
0.8,9,9,479
0.2,1,9,480
0.1,2,10,480
0.1,5,2,480
0.1,3,5,480
0.1,6,6,480
0.9,7,8,481
0.9,8,9,481
0.5,5,7,481
0.1,6,1,481
0.3,4,5,481
0.4,6,8,482
0.8,7,3,482
0.9,9,2,482
0.9,8,1,482
0.1,1,10,482
0.1,1,3,483
0.1,3,8,483
0.1,10,6,483
0.1,2,7,483
0.1,7,1,483
0.2,5,4,484
0.2,8,2,484
0.2,4,7,484
0.4,7,9,484
0.2,2,8,484
0.9,3,4,485
0.9,4,10,485
0.2,10,6,485
0.2,8,7,485
0.7,7,2,485
0.8,7,1,486
0.5,3,7,486
0.2,4,8,486
0.2,10,4,486
0.8,8,9,486
0.5,4,6,487
0.5,7,7,487
0.1,10,9,487
0.5,5,2,487
0.3,2,10,487
0.9,7,3,488
0.9,4,10,488
0.9,5,6,488
0.9,3,2,488
0.9,2,5,488
0.3,3,6,489
0.2,6,8,489
0.1,8,1,489
0.2,2,2,489
0.2,7,7,489
0.7,2,9,490
0.7,1,2,490
0.6,6,6,490
0.7,4,10,490
0.5,9,8,490
0.3,6,6,491
0.6,3,5,491
0.7,5,9,491
0.4,1,7,491
0.5,9,10,491
0.1,2,7,492
0.1,10,2,492
0.1,3,9,492
0.9,4,10,492
0.1,8,5,492
0.5,4,5,493
0.3,3,1,493
0.5,7,7,493
0.8,10,2,493
0.3,5,10,493
0.1,10,1,494
0.6,6,5,494
0.3,9,7,494
0.5,3,4,494
0.9,8,10,494
0.4,2,1,495
0.8,1,9,495
0.5,4,4,495
0.2,7,2,495
0.5,5,6,495
0.8,8,7,496
0.2,4,8,496
0.2,2,3,496
0.6,7,5,496
0.1,6,1,496
0.5,6,8,497
0.6,5,9,497
0.5,4,4,497
0.4,10,1,497
0.4,1,5,497
0.9,10,6,498
0.6,7,4,498
0.3,5,2,498
0.5,3,9,498
0.1,1,1,498
0.5,7,4,499
0.7,2,6,499
0.2,9,9,499
0.7,3,8,499
0.5,5,7,499
0.9,9,3,500
0.8,10,9,500
0.8,6,4,500
0.9,1,8,500
0.8,7,10,500
0.9,1,7,501
0.1,9,8,501
0.9,2,9,501
0.1,8,3,501
0.1,6,10,501
0.5,3,2,502
0.5,7,7,502
0.5,4,5,502
0.5,1,9,502
0.5,6,8,502
0.4,9,2,503
0.4,6,6,503
0.4,10,9,503
0.4,5,7,503
0.6,1,1,503
0.7,2,3,504
0.6,3,6,504
0.9,8,10,504
0.9,1,9,504
0.2,4,1,504
0.1,4,9,505
0.4,3,7,505
0.7,9,4,505
0.7,7,10,505
0.3,5,1,505
0.1,10,8,506
0.9,1,10,506
0.7,5,6,506
0.5,3,3,506
0.2,9,5,506
0.7,1,5,507
0.7,2,9,507
0.4,4,3,507
0.8,8,6,507
0.1,10,8,507
0.2,1,10,508
0.4,2,3,508
0.5,5,7,508
0.9,7,10,509
0.7,5,7,509
0.5,1,6,509
0.7,8,5,509
0.3,10,1,509
0.2,10,3,510
0.8,1,6,510
0.4,3,2,510
0.3,6,7,510
0.3,4,8,510
0.3,5,4,511
0.5,6,9,511
0.5,7,7,511
0.4,9,5,511
0.5,3,6,511
0.1,9,4,512
0.5,1,1,512
0.9,6,10,512
0.4,3,6,512
0.4,7,2,512
0.1,8,3,513
0.3,4,1,513
0.2,6,2,513
0.9,5,10,513
0.8,1,7,513
0.6,10,3,514
0.7,2,4,514
0.3,9,8,514
0.5,7,6,514
0.7,8,5,514
0.2,9,8,515
0.2,5,6,515
0.2,7,2,515
0.2,8,3,515
0.2,2,5,515
0.7,5,1,516
0.3,2,5,516
0.1,1,10,516
0.8,7,8,516
0.4,3,3,516
0.3,7,4,517
0.5,9,8,517
0.2,6,2,517
0.4,5,3,517
0.6,3,5,517
0.1,6,2,518
0.1,7,5,518
0.9,5,10,518
0.1,10,7,518
0.1,3,6,518
0.2,6,2,519
0.2,9,6,519
0.2,1,7,519
0.2,3,10,519
0.2,2,3,519
0.5,7,1,520
0.5,9,2,520
0.5,2,3,520
0.5,8,4,520
0.9,10,10,520
0.9,8,9,521
0.7,9,5,521
0.5,2,6,521
0.5,7,8,521
0.5,6,1,521
0.6,2,4,522
0.3,5,2,522
0.1,10,7,522
0.7,6,8,522
0.6,4,6,522
0.8,7,3,523
0.2,5,2,523
0.1,10,6,523
0.2,8,4,523
0.9,1,9,523
0.7,6,7,524
0.6,2,1,524
0.1,10,8,524
0.4,8,3,524
0.5,5,4,524
0.9,1,10,525
0.3,3,3,525
0.5,5,7,525
0.2,6,4,525
0.1,10,2,525
0.6,1,9,526
0.5,7,4,526
0.8,2,1,526
0.3,9,6,526
0.5,4,7,526
0.7,2,5,527
0.5,4,10,527
0.7,6,6,527
0.5,1,1,527
0.5,5,9,527
0.3,5,1,528
0.3,7,3,528
0.3,3,2,528
0.1,10,8,528
0.8,1,4,528
0.6,8,5,529
0.6,9,6,529
0.7,4,2,529
0.5,10,4,529
0.2,3,10,529
0.1,2,8,530
0.9,4,10,530
0.1,1,4,530
0.1,5,7,530
0.1,9,5,530
0.5,8,3,531
0.5,5,8,531
0.5,4,2,531
0.5,6,10,531
0.5,3,1,531
0.6,3,4,532
0.6,9,9,532
0.6,2,7,532
0.8,5,10,532
0.2,10,2,532
0.6,7,5,533
0.6,5,9,533
0.4,8,1,533
0.5,3,4,533
0.7,1,7,533
0.6,7,9,534
0.6,9,8,534
0.6,4,1,534
0.1,1,3,534
0.5,5,6,534
0.1,5,2,535
0.1,2,3,535
0.1,7,5,535
0.1,10,4,535
0.1,8,9,535
0.2,5,2,536
0.5,4,4,536
0.1,10,8,536
0.9,6,10,536
0.7,2,5,536
0.9,8,2,537
0.9,10,6,537
0.8,4,4,537
0.8,6,7,537
0.8,3,8,537
0.1,8,5,538
0.9,1,9,538
0.2,2,1,538
0.5,3,2,538
0.3,9,8,538
0.6,9,2,539
0.8,4,9,539
0.9,2,8,539
0.4,5,4,539
0.6,3,5,539
0.2,10,4,540
0.6,8,7,540
0.6,6,8,540
0.6,1,9,540
0.6,3,5,540
0.9,9,10,541
0.6,6,7,541
0.9,1,6,541
0.2,4,2,541
0.5,3,3,541
0.4,8,4,542
0.7,6,10,542
0.6,1,1,542
0.3,10,5,542
0.2,7,2,542
0.1,4,2,543
0.1,9,8,543
0.1,10,4,543
0.1,6,1,543
0.1,7,5,543
0.5,5,3,544
0.5,6,1,544
0.5,1,4,544
0.5,2,6,544
0.5,4,5,544
0.3,8,2,545
0.3,5,3,545
0.1,10,5,545
0.7,4,4,545
0.5,2,1,545
0.8,3,5,546
0.3,8,4,546
0.1,5,1,546
0.1,9,7,546
0.8,4,6,546
0.5,1,6,547
0.5,7,7,547
0.6,9,5,547
0.4,6,10,547
0.5,5,1,547
0.8,3,10,548
0.9,8,7,548
0.7,10,2,548
0.2,1,9,548
0.2,2,5,548
0.6,8,8,549
0.6,7,7,549
0.8,10,4,549
0.8,6,10,549
0.8,9,9,549
0.7,5,7,550
0.2,6,1,550
0.2,10,2,550
0.3,9,3,550
0.5,8,5,550
0.2,8,2,551
0.6,1,4,551
0.2,10,10,551
0.2,7,1,551
0.7,3,5,551
0.6,8,8,552
0.7,1,2,552
0.5,7,7,552
0.5,9,9,552
0.9,3,10,552
0.2,10,8,553
0.4,5,3,553
0.4,4,4,553
0.4,8,7,553
0.4,2,2,553
0.5,4,6,554
0.5,6,4,554
0.2,3,8,554
0.4,5,1,554
0.1,1,2,554
0.3,1,2,555
0.2,9,6,555
0.3,3,3,555
0.3,4,7,555
0.1,8,4,555
0.2,8,5,556
0.2,5,7,556
0.2,9,3,556
0.2,7,1,556
0.7,2,9,556
0.2,9,5,557
0.5,8,8,557
0.2,7,1,557
0.5,6,3,557
0.8,1,9,557
0.9,4,10,558
0.5,8,7,558
0.7,9,8,558
0.3,7,3,558
0.1,6,2,558
0.9,3,5,559
0.9,9,6,559
0.1,10,7,559
0.5,5,4,559
0.7,2,2,559
0.9,8,10,560
0.5,7,2,560
0.6,9,6,560
0.5,2,3,560
0.7,4,8,560
0.9,6,7,561
0.9,1,2,561
0.9,8,9,561
0.9,10,6,561
0.9,2,5,561
0.1,10,10,562
0.5,1,2,562
0.5,5,5,562
0.5,9,8,562
0.5,7,9,562
0.5,4,8,563
0.5,8,10,563
0.5,5,3,563
0.5,1,9,563
0.5,6,4,563
0.3,6,1,564
0.8,1,10,564
0.1,10,9,564
0.8,2,6,564
0.5,7,2,564
0.5,9,4,565
0.5,1,2,565
0.5,2,3,565
0.5,3,8,565
0.5,4,7,565
0.8,9,9,566
0.7,8,4,566
0.5,7,10,566
0.4,5,1,566
0.2,3,6,566
0.1,10,4,567
0.3,9,2,567
0.7,4,7,567
0.8,5,10,567
0.7,3,5,567
0.1,5,5,568
0,4,8,568
0.1,7,9,568
0.1,3,10,568
0.1,2,1,568
0.2,7,2,569
0.2,6,8,569
0.3,4,7,569
0.5,3,10,569
0.9,1,5,569
0.3,1,7,570
0.3,4,3,570
0.3,9,10,570
0.1,10,8,570
0.3,2,4,570
0.9,2,9,571
0.9,8,5,571
0.6,9,1,571
0.7,4,4,571
0.7,1,2,571
0.6,8,8,572
0.6,6,9,572
0.7,1,3,572
0.5,7,10,572
0.2,10,4,572
0.7,7,7,573
0.3,3,5,573
0.7,8,8,573
0.7,9,6,573
0.4,10,4,573
0.6,3,5,574
0.2,7,1,574
0.4,4,3,574
0.8,2,10,574
0.6,5,8,574
0.6,8,4,575
0.9,2,1,575
0.4,9,7,575
0.6,7,6,575
0.8,6,9,575
0.1,10,7,576
0.2,9,1,576
0.6,1,2,576
0.6,3,4,576
0.3,6,3,576
0.3,8,4,577
0.3,4,5,577
0.7,2,8,577
0.4,5,9,577
0.9,1,3,577
0.1,4,3,578
0.1,7,8,578
0.1,1,4,578
0.1,5,2,578
0.1,2,5,578
0.9,8,1,579
0.6,10,7,579
0.5,6,8,579
0.9,5,3,579
0.5,9,9,579
0.1,7,1,580
0.1,1,5,580
0.1,2,4,580
0.1,10,2,580
0.1,8,8,580
0.4,8,6,581
0.7,3,4,581
0.8,2,3,581
0.4,6,7,581
0.7,1,2,581
0.3,8,4,582
0.8,4,10,582
0.4,6,6,582
0.2,7,9,582
0.2,9,8,582
0.6,7,6,583
0.6,3,3,583
0.4,6,1,583
0.5,4,4,583
0.8,1,7,583
0.6,4,3,584
0.6,3,4,584
0.6,8,2,584
0.6,10,9,584
0.6,2,8,584
0.5,7,6,585
0.6,6,7,585
0.8,3,1,585
0.2,10,10,585
0.3,5,2,585
0.6,2,2,586
0.7,7,5,586
0.5,6,1,586
0.3,1,6,586
0.9,8,4,586
0.2,9,5,587
0.1,3,7,587
0.1,6,2,587
0.1,1,8,587
0.1,2,3,587
0.7,1,8,588
0.4,4,2,588
0.1,6,7,588
0.1,9,9,588
0.1,10,3,588
0.1,10,6,589
0.3,7,2,589
0.5,8,7,589
0.9,1,9,589
0.1,5,1,589
0.5,8,7,590
0.5,9,5,590
0.5,2,8,590
0.5,4,4,590
0.9,7,10,590
0.8,9,10,591
0.7,7,4,591
0.7,8,8,591
0.2,2,2,591
0.5,3,3,591
0.1,8,3,592
0.1,1,6,592
0.1,9,9,592
0.1,3,10,592
0.1,7,2,592
0.2,9,8,593
0.2,7,3,593
0.2,6,1,593
0.2,1,6,593
0.2,2,5,593
0.6,6,2,594
0.6,2,8,594
0.6,9,5,594
0.6,4,9,594
0.9,3,10,594
0.5,3,1,595
0.9,9,10,595
0.3,7,4,595
0.7,2,7,595
0.3,4,2,595
0.9,8,10,596
0.5,9,5,596
0.7,6,9,596
0.7,1,6,596
0.7,2,4,596
0.7,3,6,597
0.7,6,7,597
0.4,2,4,597
0.6,4,10,597
0.8,8,5,597
0.9,1,10,598
0.1,10,4,598
0.5,7,2,598
0.6,4,5,598
0.2,9,6,598
0.6,3,7,599
0.8,1,4,599
0.6,8,3,599
0.3,10,8,599
0.5,9,9,599
0.7,3,4,600
0.7,8,8,600
0.9,1,9,600
0.9,5,10,600
0.6,6,3,600
0.1,7,3,601
0.3,1,1,601
0.1,10,8,601
0.9,5,10,601
0.6,9,7,601
0.4,9,1,602
0.5,5,8,602
0.7,3,5,602
0.5,1,10,602
0.3,2,3,602
0.2,8,8,603
0.2,6,9,603
0.2,7,2,603
0.2,10,10,603
0.2,2,4,603
0.5,7,8,604
0.6,5,9,604
0.5,2,2,604
0.6,6,6,604
0.7,1,4,604
0.9,1,2,605
0.9,7,1,605
0.9,6,6,605
0.9,3,7,605
0.9,9,8,605
0.6,9,4,606
0.6,1,6,606
0.9,4,10,606
0.6,5,2,606
0.1,10,1,606
0.4,5,7,607
0.3,8,6,607
0.3,7,4,607
0.5,1,5,607
0.2,2,1,607
0.4,3,1,608
0.5,8,4,608
0.2,10,2,608
0.5,2,3,608
0.3,5,10,608
0.2,7,1,609
0.6,8,8,609
0.6,4,4,609
0.1,10,6,609
0.2,9,5,609
0.9,9,10,610
0.9,10,7,610
0.6,5,2,610
0.7,8,5,610
0.2,2,4,610
0.7,8,8,611
0.7,9,9,611
0.2,7,2,611
0.1,4,1,611
0.9,5,10,611
0.6,10,4,612
0.5,5,8,612
0.6,8,6,612
0.6,6,9,612
0.6,7,2,612
0.1,10,1,613
0.7,4,4,613
0.5,9,6,613
0.6,7,3,613
0.6,5,5,613
0.4,6,7,614
0.2,10,1,614
0.4,4,9,614
0.3,8,3,614
0.1,1,2,614
0.3,10,8,615
0.5,8,9,615
0.3,4,1,615
0.3,5,7,615
0.6,3,5,615
0.2,6,3,616
0.2,2,6,616
0.2,9,2,616
0.2,3,7,616
0.7,10,5,616
0.1,9,7,617
0.1,10,4,617
0.1,6,6,617
0.1,1,9,617
0.1,2,2,617
0.5,1,4,618
0.5,2,6,618
0.5,9,10,618
0.5,8,1,618
0.5,5,9,618
0.2,3,3,619
0.6,2,6,619
0.3,7,8,619
0.2,6,5,619
0.3,1,2,619
0.5,1,1,620
0.5,7,7,620
0.9,6,10,620
0.5,9,3,620
0.1,10,5,620
0.9,6,6,621
0.9,1,4,621
0.1,10,2,621
0.9,3,9,621
0.9,5,3,621
0.9,8,10,622
0.1,10,8,622
0.3,7,3,622
0.5,9,9,622
0.6,3,6,622
0.9,7,2,623
0.9,3,5,623
0.9,4,9,623
0.9,9,7,623
0.9,10,8,623
0.3,1,7,624
0.2,5,3,624
0.1,4,9,624
0.9,8,10,624
0.1,2,6,624
0.5,4,1,625
0.6,8,8,625
0.3,7,4,625
0.4,9,3,625
0.5,5,2,625
0.8,1,7,626
0.5,6,9,626
0.7,4,8,626
0.1,10,2,626
0.2,8,1,626
0.2,7,1,627
0.2,5,5,627
0.8,9,6,627
0.5,1,10,627
0.7,3,4,627
0.5,6,2,628
0.8,3,10,628
0.3,7,4,628
0.3,8,7,628
0.2,9,3,628
0.7,3,8,629
0.6,2,3,629
0.2,9,7,629
0.1,10,6,629
0.4,6,5,629
0.4,8,2,630
0.4,5,8,630
0.3,3,1,630
0.3,7,6,630
0.4,4,9,630
0.9,1,10,631
0.9,8,8,631
0.2,10,4,631
0.8,3,2,631
0.9,2,9,631
0.1,6,5,632
0.2,9,4,632
0.5,8,7,632
0.2,4,2,632
0.7,5,10,632
0.1,6,1,633
0.1,7,5,633
0.1,5,8,633
0.1,3,4,633
0.1,2,9,633
0.1,10,1,634
0.8,3,9,634
0.3,6,3,634
0.6,1,2,634
0.2,9,4,634
0.9,4,4,635
0.9,1,9,635
0.9,3,5,635
0.9,5,3,635
0.9,7,10,635
0.9,8,4,636
0.6,6,3,636
0.7,4,5,636
0.9,7,9,636
0.9,9,10,636
0.6,3,4,637
0.6,10,2,637
0.6,9,7,637
0.6,2,3,637
0.6,5,5,637
0.2,3,3,638
0.2,4,6,638
0.1,2,9,638
0.1,1,4,638
0.4,5,2,638
0.7,4,7,639
0.8,9,5,639
0.6,7,9,639
0.3,2,4,639
0.2,5,2,639
0.6,4,5,640
0.3,2,2,640
0.1,10,4,640
0.3,8,7,640
0.6,5,6,640
0.4,9,8,641
0.8,1,10,641
0.4,2,2,641
0.3,7,4,641
0.4,5,5,641
0.9,10,6,642
0.9,1,3,642
0.9,7,1,642
0.9,2,4,642
0.9,6,10,642
0.2,1,2,643
0.6,3,5,643
0.4,2,3,643
0.9,6,8,643
0.9,9,7,643
0.9,8,4,644
0.9,6,9,644
0.9,4,3,644
0.9,9,2,644
0.9,2,7,644
0.5,3,1,645
0.4,6,9,645
0.5,7,5,645
0.6,2,8,645
0.3,9,10,645
0.1,10,10,646
0.9,3,7,646
0.9,4,4,646
0.9,1,9,646
0.9,7,5,646
0.5,10,1,647
0.7,2,9,647
0.5,7,10,647
0.5,6,4,647
0.7,1,3,647
0.1,4,8,648
0.1,10,1,648
0.1,6,4,648
0.1,9,2,648
0.1,1,6,648
0.3,2,3,649
0.3,3,8,649
0.3,5,6,649
0.3,9,10,649
0.3,8,5,649
0.1,3,1,650
0.1,4,5,650
0.1,10,9,650
0.1,1,7,650
0.1,5,2,650
0.6,8,5,651
0.1,3,7,651
0.1,10,3,651
0.9,7,10,651
0.9,9,8,651
0.1,10,1,652
0.6,1,2,652
0.7,2,5,652
0.2,9,3,652
0.4,8,6,652
0.3,4,6,653
0.3,7,3,653
0.3,2,4,653
0.3,3,5,653
0.9,9,10,653
0.4,9,5,654
0.4,7,4,654
0.5,6,6,654
0.6,4,10,654
0.7,2,8,654
0.2,9,1,655
0.8,1,3,655
0.5,4,4,655
0.1,10,5,655
0.9,8,10,655
0.7,9,7,656
0.7,4,8,656
0.7,3,6,656
0.7,2,3,656
0.7,8,9,656
0.3,6,5,657
0.6,1,10,657
0.3,2,4,657
0,9,3,657
0.5,3,9,657
0.4,9,4,658
0.5,10,3,658
0.5,7,5,658
0.3,6,1,658
0.9,2,10,658
0.2,3,8,659
0.2,8,5,659
0.2,1,3,659
0.2,5,10,659
0.2,6,1,659
0.1,5,2,660
0.1,8,7,660
0.1,6,3,660
0.1,1,10,660
0.1,2,1,660
0.7,8,4,661
0.7,4,8,661
0.7,9,7,661
0.1,10,1,661
0.9,5,10,661
0.7,5,4,662
0.5,8,6,662
0.8,10,1,662
0.5,6,3,662
0.3,3,7,662
0.7,10,10,663
0.7,7,5,663
0.7,4,1,663
0.7,9,3,663
0.7,5,4,663
0.1,5,4,664
0.1,4,6,664
0.1,10,8,664
0.1,9,5,664
0.1,6,3,664
0.4,10,10,665
0.5,5,2,665
0.6,4,8,665
0.3,8,4,665
0.5,2,1,665
0.1,10,2,666
0.5,4,5,666
0.5,5,8,666
0.7,7,9,666
0.8,1,6,666
0.5,4,6,667
0.3,3,1,667
0.7,1,4,667
0.3,6,2,667
0.8,5,9,667
0.5,9,6,668
0.6,3,7,668
0.5,6,1,668
0.5,10,5,668
0.5,7,8,668
0.5,2,7,669
0.2,10,4,669
0.8,3,10,669
0.5,5,6,669
0.5,1,1,669
0.4,4,3,670
0.9,6,10,670
0.5,2,4,670
0.3,3,1,670
0.1,10,5,670
0.4,7,4,671
0.4,8,3,671
0.6,9,10,671
0.4,3,5,671
0.7,10,9,671
0.1,3,5,672
0.1,4,8,672
0.1,7,7,672
0.1,2,2,672
0.9,9,10,672
0.8,9,7,673
0.7,10,6,673
0.7,3,8,673
0.5,1,1,673
0.7,7,4,673
0.1,1,3,674
0.5,7,4,674
0.6,4,7,674
0.8,6,6,674
0.5,3,5,674
0.2,6,2,675
0.5,9,9,675
0.1,10,6,675
0.4,7,5,675
0.9,2,10,675
0.9,2,10,676
0.5,6,7,676
0.5,5,5,676
0.2,8,3,676
0.8,4,9,676
0.6,3,2,677
0.4,5,7,677
0.6,8,5,677
0.2,7,8,677
0.1,10,4,677
0.4,6,7,678
0.3,10,5,678
0.3,4,2,678
0.9,7,10,678
0.3,3,4,678
0.8,6,5,679
0.3,2,8,679
0.5,10,4,679
0.7,7,7,679
0.6,9,2,679
0.6,9,9,680
0.7,7,8,680
0.4,8,1,680
0.5,10,10,680
0.7,4,5,680
0.8,8,5,681
0.7,7,4,681
0.5,5,6,681
0.9,10,7,681
0.2,1,9,681
0.9,1,6,682
0.9,9,9,682
0.9,7,1,682
0.9,2,2,682
0.9,10,4,682
0.9,3,1,683
0.9,1,2,683
0.9,2,8,683
0.9,9,3,683
0.9,7,4,683
0.7,2,8,684
0.2,10,3,684
0.6,5,1,684
0.7,3,2,684
0.2,9,10,684
0.5,1,8,685
0.5,9,2,685
0.5,5,6,685
0.1,10,3,685
0.9,7,10,685
0.7,4,9,686
0.2,9,4,686
0.8,2,8,686
0.1,7,1,686
0.1,10,7,686
0.9,1,4,687
0.9,7,1,687
0.9,3,6,687
0.9,10,7,687
0.9,8,10,687
0.3,10,4,688
0.5,7,3,688
0.6,1,1,688
0.3,8,2,688
0.7,2,6,688
0.5,10,7,689
0.5,6,8,689
0.5,7,3,689
0.5,8,2,689
0.5,9,9,689
0.5,2,6,690
0.2,3,2,690
0.6,5,7,690
0.5,1,3,690
0.1,6,1,690
0.4,9,9,691
0.9,7,10,691
0.1,10,7,691
0.2,8,5,691
0.1,5,2,691
0.6,2,5,692
0.6,1,6,692
0.3,4,1,692
0.2,8,2,692
0.3,7,3,692
0.9,8,10,693
0.2,6,1,693
0.2,10,7,693
0.1,9,4,693
0.1,5,2,693
0.7,2,6,694
0.7,7,9,694
0.7,3,2,694
0.7,9,10,694
0.7,5,4,694
0.1,10,3,695
0.1,3,9,695
0.1,4,7,695
0.1,1,2,695
0.1,2,10,695
0.2,6,6,696
0.6,3,9,696
0.9,5,10,696
0.3,2,3,696
0.2,8,5,696
0.2,6,1,697
0.9,1,10,697
0.4,8,6,697
0.7,3,9,697
0.2,9,3,697
0.7,4,8,698
0.5,7,2,698
0.9,8,9,698
0.1,10,7,698
0.4,5,6,698
0.9,6,10,699
0.7,1,1,699
0.7,5,7,699
0.7,10,6,699
0.7,3,8,699
0.9,5,10,700
0.6,2,3,700
0.8,1,5,700
0.5,7,7,700
0.2,6,1,700
0.6,2,9,701
0.5,5,5,701
0.7,8,7,701
0.6,9,10,701
0.4,4,3,701
0.2,9,7,702
0.3,8,5,702
0.4,10,6,702
0.2,7,1,702
0.5,6,4,702
0.5,1,2,703
0.5,9,9,703
0.5,7,6,703
0.5,5,3,703
0.5,4,10,703
0.1,6,4,704
0.1,7,3,704
0.9,9,10,704
0.1,2,9,704
0.1,8,7,704
0.9,2,10,705
0.3,3,8,705
0.3,5,9,705
0.2,9,2,705
0.5,6,5,705
0.4,1,1,706
0.5,10,7,706
0.3,8,9,706
0.5,7,10,706
0.3,2,3,706
0.9,4,3,707
0.5,2,1,707
0.7,6,9,707
0.6,7,2,707
0.9,5,10,707
0.1,3,6,708
0.9,4,1,708
0,1,4,708
0.4,3,5,709
0.4,5,7,709
0.1,10,2,709
0.2,8,6,709
0.3,2,1,709
0.5,9,2,710
0.1,10,4,710
0.9,1,7,710
0.6,7,8,710
0.9,3,10,710
0.2,3,7,711
0.1,9,3,711
0.5,6,6,711
0.8,2,5,711
0,10,2,711
0.5,1,6,712
0.5,4,5,712
0.5,2,9,712
0.5,3,8,712
0.5,7,10,712
0.5,9,2,713
0.6,1,4,713
0.6,4,3,713
0.6,10,9,713
0.6,2,6,713
0.6,1,6,714
0.4,6,8,714
0.1,10,1,714
0.6,3,5,714
0.5,4,4,714
0.3,5,9,715
0.3,1,3,715
0.3,10,1,715
0.3,7,7,715
0.3,9,2,715
0.5,9,8,716
0.7,2,5,716
0.8,1,6,716
0.3,7,2,716
0.6,5,4,716
0.5,8,5,717
0.5,9,10,717
0.7,3,1,717
0.8,2,9,717
0.5,7,4,717
0.4,9,1,718
0.5,1,7,718
0.9,2,10,718
0.1,10,8,718
0.7,5,3,718
0.5,8,9,719
0.5,6,6,719
0.5,4,4,719
0.9,1,10,719
0.8,3,8,719
0.7,1,3,720
0.3,6,10,720
0.5,7,1,720
0.6,2,8,720
0.5,4,5,720
0.9,1,10,721
0.5,6,7,721
0.3,3,1,721
0.2,5,9,721
0.1,8,5,721
0.1,4,6,722
0.1,10,4,722
0.1,5,2,722
0.1,8,1,722
0.1,6,9,722
0.5,6,5,723
0.5,7,1,723
0.5,4,9,723
0.5,5,4,723
0.5,8,7,723
0.5,6,8,724
0.5,4,2,724
0.5,9,4,724
0.5,5,10,724
0.5,7,6,724
0.3,9,6,725
0.6,4,8,725
0.8,7,10,725
0.2,10,1,725
0.3,8,3,725
0.5,4,3,726
0.5,6,6,726
0.5,3,8,726
0.5,9,1,726
0.5,1,7,726
0.7,2,8,727
0.9,9,10,727
0.7,5,4,727
0.6,7,5,727
0.5,6,6,727
0.4,7,5,728
0.3,8,9,728
0.3,9,10,728
0.3,6,3,728
0.3,3,4,728
0.9,9,10,729
0.6,8,2,729
0.7,7,5,729
0.1,2,4,729
0.5,5,8,729
0.1,7,2,730
0.1,5,5,730
0.1,3,6,730
0.1,10,8,730
0.1,9,10,730
0.6,4,10,731
0.7,1,8,731
0.5,9,4,731
0.6,10,3,731
0.5,2,7,731
0.8,5,8,732
0.2,7,4,732
0.9,4,7,732
0.9,9,10,732
0.9,2,9,732
0.8,5,10,733
0.7,2,2,733
0.9,10,6,733
0.9,6,4,733
0.7,3,3,733
0.3,8,7,734
0.4,7,4,734
0.5,4,2,734
0.7,9,9,734
0.1,6,1,734
0.5,9,4,735
0.8,8,10,735
0.6,5,6,735
0.7,1,5,735
0.6,6,8,735
0.6,2,5,736
0.5,4,8,736
0.3,9,4,736
0.3,6,3,736
0.3,5,7,736
0.9,8,2,737
0.5,10,8,738
0.5,8,1,738
0.5,5,5,738
0.5,7,3,738
0.5,6,7,738
0.1,1,4,739
0.1,4,1,739
0.1,7,6,739
0.1,8,3,739
0.1,2,8,739
0.4,2,9,740
0.7,7,10,740
0.8,8,1,740
0.5,5,2,740
0.5,4,6,740
0.5,5,4,741
0.5,10,1,741
0.5,7,6,741
0.5,4,2,741
0.5,3,10,741
0.1,6,1,742
0.1,10,4,742
0.1,1,3,742
0.1,7,2,742
0.1,3,6,742
0.8,3,8,743
0.8,8,1,743
0.7,7,7,743
0.9,5,4,743
0.9,1,3,743
0.1,6,1,744
0.5,4,3,744
0.2,5,2,744
0.5,7,8,744
0.9,1,5,744
0.2,9,6,745
0.2,10,7,745
0.9,2,10,745
0.2,3,4,745
0.2,7,2,745
0.5,1,5,746
0.1,6,3,746
0.1,9,6,746
0.9,5,1,746
0.9,4,2,746
0.2,2,7,747
0.1,8,4,747
0.2,4,6,747
0.2,3,5,747
0.2,9,9,747
0.1,7,8,748
0.1,9,2,748
0.1,5,5,748
0.1,3,7,748
0.1,2,4,748
0.2,6,10,749
0.1,5,2,749
0.5,7,7,749
0.8,1,8,749
0.4,8,6,749
0.5,5,3,750
0.5,8,1,750
0.5,1,2,750
0.4,9,6,750
0.5,6,4,750
0.7,3,9,751
0.9,4,10,751
0.5,5,5,751
0.7,1,7,751
0.2,8,2,751
0.7,8,1,752
0.5,6,10,752
0.6,3,8,752
0.3,9,6,752
0.4,4,7,752
0.1,4,10,753
0.4,10,4,753
0.4,9,8,753
0.1,6,6,753
0.4,8,3,753
0.4,6,1,754
0.2,10,5,754
0.6,3,3,754
0.3,9,4,754
0.7,1,6,754
0.4,7,7,755
0.4,4,3,755
0.2,8,2,755
0.7,3,8,755
0.1,10,5,755
0.7,5,1,756
0.8,3,5,756
0.7,4,7,756
0.8,2,4,756
0.8,1,9,756
0.5,1,6,757
0.5,6,4,757
0.9,3,10,757
0.5,2,8,757
0.1,10,2,757
0.3,8,3,758
0.3,10,7,758
0.3,4,8,758
0.3,6,6,758
0.8,5,10,758
0.9,4,10,759
0.9,7,2,759
0.8,3,6,759
0.9,6,1,759
0.9,8,8,759
0.3,1,3,760
0.5,5,5,760
0.2,3,1,760
0.1,10,6,760
0.5,8,8,760
0.9,1,1,761
0.9,4,7,761
0.9,3,8,761
0.9,5,2,761
0.9,6,3,761
0.6,7,9,762
0.6,4,3,762
0.5,1,1,762
0.4,9,8,762
0.6,3,6,762
0.6,7,10,763
0.9,9,1,763
0.3,4,6,763
0.9,10,8,763
0.3,3,2,763
0.2,5,1,764
0.5,8,9,764
0.1,10,2,764
0.7,2,7,764
0.2,9,5,764
0.8,1,2,765
0.8,6,5,765
0.8,3,8,765
0.1,10,3,765
0.9,2,10,765
0.4,5,8,766
0.9,7,2,766
0.6,8,6,766
0.1,3,5,766
0.9,9,7,766
0.6,7,2,767
0.7,5,1,767
0.7,10,5,767
0.8,6,7,767
0.6,9,4,767
0.1,10,2,768
0.4,4,5,768
0.5,1,1,768
0.9,5,10,768
0.5,3,3,768
0.6,8,5,769
0.6,2,1,769
0.7,5,6,769
0.7,3,10,769
0.8,9,2,769
0.1,5,4,770
0.9,9,10,770
0.2,4,8,770
0.1,10,3,770
0.8,1,9,770
0.1,10,6,771
0.8,1,8,771
0.6,6,7,771
0.5,4,3,771
0.3,5,1,771
0.5,8,3,772
0.6,6,4,772
0.6,9,5,772
0.5,3,6,772
0.6,5,10,772
0.5,9,4,773
0.1,10,1,773
0.9,5,8,773
0.5,8,6,773
0,7,2,773
0.5,10,6,774
0.3,5,2,774
0.5,2,4,774
0.5,9,7,774
0.2,4,1,774
0.5,4,1,775
0.5,7,3,775
0.5,6,5,775
0.4,8,10,775
0.1,10,8,775
0.5,7,10,776
0.4,4,5,776
0.1,10,1,776
0.5,3,7,776
0.6,2,2,776
0.1,2,3,777
0.8,8,10,777
0.1,6,1,777
0.1,5,4,777
0.1,4,9,777
0.5,5,3,778
0.5,7,7,778
0.5,3,1,778
0.5,1,6,778
0.5,10,2,778
0.1,10,2,779
0.4,7,4,779
0.9,5,10,779
0.4,8,5,779
0.5,3,3,779
0.4,1,5,780
0.7,3,3,780
0.6,8,10,780
0.4,2,1,780
0.5,5,6,780
0.3,10,9,781
0.7,6,2,781
0.7,2,4,781
0.9,3,10,781
0.6,5,6,781
0.3,10,5,782
0.5,3,6,782
0.5,4,10,782
0.5,8,8,782
0.5,9,7,782
0.7,2,7,783
0.3,5,1,783
0.1,10,5,783
0.6,4,3,783
0.1,7,4,783
0.6,5,2,784
0.6,3,8,784
0.6,4,5,784
0.6,7,4,784
0.6,9,3,784
0.5,3,3,785
0.9,5,10,785
0.1,10,1,785
0.3,8,7,785
0.6,4,6,785
0.1,1,2,786
0.1,2,8,786
0.1,3,1,786
0.1,5,7,786
0.1,8,3,786
0.5,2,4,787
0.1,10,5,787
0.5,7,8,787
0.5,1,9,787
0.5,3,7,787
0.7,7,2,788
0.9,5,8,788
0.6,1,9,788
0.5,9,5,788
0.3,8,6,788
0.9,1,5,789
0.1,7,2,789
0.6,6,8,789
0.3,8,4,789
0.4,5,3,789
0.2,7,9,790
0.3,2,2,790
0.9,10,5,790
0.3,6,4,790
0.7,9,10,790
0.8,1,9,791
0.6,2,4,791
0.5,8,5,791
0.5,5,6,791
0.2,10,2,791
0.8,8,3,792
0.9,9,1,792
0.9,7,9,792
0.7,6,8,792
0.5,3,4,792
0.9,5,8,793
0.9,2,4,793
0.9,10,3,793
0.9,4,5,793
0.9,1,7,793
0.5,6,7,794
0.5,3,3,794
0.9,5,10,794
0.5,2,5,794
0.5,4,4,794
0.1,10,3,795
0.8,2,9,795
0.5,5,6,795
0.9,1,7,795
0.2,9,1,795
0.6,2,3,796
0.5,7,8,796
0.7,5,6,796
0.6,8,9,796
0.1,10,10,796
0.5,9,6,797
0.4,4,2,797
0.7,2,8,797
0.5,6,7,797
0.1,10,1,797
0.6,5,9,798
0.7,1,1,798
0.3,8,3,798
0.8,10,6,798
0.7,2,4,798
0.9,1,3,799
0.9,4,5,799
0.9,2,7,799
0.9,9,4,799
0.9,7,1,799
0.5,8,4,800
0.3,10,7,800
0.6,4,3,800
0.7,2,6,800
0.2,9,1,800
0.9,2,10,801
0.7,4,7,801
0.5,9,9,801
0.4,5,4,801
0.3,7,3,801
0.8,4,7,802
0.5,3,9,802
0.9,6,10,802
0.4,9,1,802
0.7,5,4,802
0.7,1,3,803
0.7,9,10,803
0.5,8,1,803
0.6,4,5,803
0.6,7,6,803
0.2,3,1,804
0.2,5,9,804
0.7,2,6,804
0.8,1,2,804
0.3,4,4,804
0.9,3,10,805
0.1,1,1,805
0.8,7,9,805
0.9,10,2,805
0.1,9,5,805
0.4,2,8,806
0.7,1,4,806
0.2,8,1,806
0.9,7,10,806
0.7,3,2,806
0.3,3,1,807
0.6,6,9,807
0.3,1,4,807
0.4,8,8,807
0.1,9,2,807
0.1,1,1,808
0.2,5,7,808
0.2,6,3,808
0.2,4,6,808
0.2,8,8,808
0.1,10,5,809
0.1,3,6,809
0.1,2,2,809
0.1,7,4,809
0.1,5,10,809
0.7,8,3,810
0.8,3,9,810
0.7,6,4,810
0.9,5,10,810
0.7,4,2,810
0.7,10,8,811
0.6,8,1,811
0.6,7,3,811
0.6,3,4,811
0.3,2,6,811
0.5,9,5,812
0.5,10,7,812
0.5,2,4,812
0.5,6,10,812
0.5,4,3,812
0.7,2,7,813
0.6,5,1,813
0.1,10,8,813
0.6,3,5,813
0.2,7,2,813
0.6,7,9,814
0.9,8,2,814
0.9,5,1,814
0.9,1,3,814
0.9,9,5,814
0.5,2,3,815
0.7,5,6,815
0.6,1,1,815
0.6,6,9,815
0.4,10,4,815
0.1,10,7,816
0.7,3,8,816
0.5,6,2,816
0.8,4,9,816
0.9,1,4,816
0.1,6,6,817
0.1,5,5,817
0.1,9,2,817
0.1,2,3,817
0.1,10,9,817
0.7,2,1,818
0.6,1,6,818
0.7,3,9,818
0.8,7,8,818
0.8,6,2,818
0.1,4,5,819
0.1,6,7,819
0.1,9,10,819
0.1,5,8,819
0.1,8,2,819
0.1,2,4,820
0.1,10,2,820
0.1,6,7,820
0.9,1,10,820
0.1,9,6,820
0.1,10,4,821
0.9,4,10,821
0.1,2,1,821
0.1,3,5,821
0.1,1,3,821
0.1,6,1,822
0.1,10,3,822
0.1,5,6,822
0.1,3,7,822
0.1,8,9,822
0.9,10,6,823
0.8,5,9,823
0.9,6,10,823
0.6,7,4,823
0.6,8,7,823
0.7,10,8,824
0.6,8,9,824
0.2,1,5,824
0.8,9,1,824
0.2,2,6,824
0.1,10,1,825
0.1,3,3,825
0.9,2,10,825
0.2,5,7,825
0.5,4,2,825
0.5,4,5,826
0.7,1,7,826
0.6,7,3,826
0.2,9,2,826
0.3,2,1,826
0.4,8,6,827
0.3,6,1,827
0.3,9,2,827
0.5,5,8,827
0.9,1,10,827
0.7,2,9,828
0.1,10,4,828
0.7,8,8,828
0.7,1,2,828
0.9,7,10,828
0.4,4,7,829
0.3,3,3,829
0.4,5,6,829
0.4,1,1,829
0.3,10,8,829
0.8,4,6,830
0.8,3,4,830
0.8,6,7,830
0.8,1,3,830
0.8,2,9,830
0.7,5,3,831
0.4,6,5,831
0.9,1,2,831
0.1,10,6,831
0.8,4,9,831
0.1,8,9,832
0.4,1,7,832
0.2,7,6,832
0.2,5,3,832
0.1,9,8,832
0.5,1,5,833
0.5,10,2,833
0.4,8,4,833
0.5,7,8,833
0.5,9,6,833
0.9,2,4,834
0.9,6,10,834
0.9,10,3,834
0.9,7,5,834
0.9,5,1,834
0.5,6,2,835
0.7,7,1,835
0.8,10,9,835
0.7,5,7,835
0.6,4,6,835
0.5,5,2,836
0.6,1,7,836
0.6,9,8,836
0.5,2,9,836
0.6,4,3,836
0.4,10,4,837
0.6,7,6,837
0.4,9,2,837
0.3,5,1,837
0.8,2,5,837
0.7,3,7,838
0.5,8,3,838
0.5,6,8,838
0.3,7,4,838
0.2,10,1,838
0.2,4,2,839
0.2,9,3,839
0.2,2,1,839
0.2,8,7,839
0.2,7,4,839
0.4,5,1,840
0.5,3,9,840
0.4,2,4,840
0.4,4,8,840
0.4,9,2,840
0.1,6,1,841
0.2,8,3,841
0.7,4,9,841
0.6,7,6,841
0.5,5,4,841
0.1,10,1,842
0.2,2,8,842
0.2,5,5,842
0.2,9,2,842
0.2,8,7,842
0.4,6,4,843
0.1,10,6,843
0.3,3,10,843
0.5,1,5,843
0.2,5,2,843
0.3,1,10,844
0.6,8,3,844
0.5,7,4,844
0.1,10,2,844
0.2,9,5,844
0.7,4,8,845
0.6,9,4,845
0.6,6,10,845
0.6,7,1,845
0.6,8,5,845
0.4,8,5,846
0.4,6,6,846
0.4,4,2,846
0.5,7,7,846
0.9,2,10,846
0.6,8,1,847
0.7,1,3,847
0.5,2,10,847
0.3,10,8,847
0.7,5,9,847
0.9,9,10,848
0.4,4,2,848
0.8,1,9,848
0.4,8,6,848
0.6,2,3,848
0.9,10,8,849
0.2,4,4,849
0.7,9,2,849
0.9,6,1,849
0.5,5,5,849
0.3,5,1,850
0.4,4,3,850
0.9,3,10,850
0.3,6,2,850
0.8,1,8,850
0.4,5,6,851
0.8,2,4,851
0.3,9,5,851
0.3,6,8,851
0.7,1,1,851
0.9,4,10,852
0.5,7,8,852
0.5,2,3,852
0.5,3,9,852
0.5,1,7,852
0.4,4,3,853
0.3,3,9,853
0.1,10,4,853
0.6,7,6,853
0.7,9,10,853
0.6,1,3,854
0.9,3,10,854
0.2,9,7,854
0.8,2,5,854
0.4,6,4,854
0.1,3,1,855
0.1,4,3,855
0.1,5,8,855
0.1,2,7,855
0.1,9,6,855
0.7,6,5,856
0.7,5,7,856
0.3,3,3,856
0.8,8,2,856
0.9,10,1,856
0.9,2,10,857
0.5,5,5,857
0.5,1,3,857
0.5,4,4,857
0.4,6,9,857
0.7,2,10,858
0.7,1,7,858
0.5,6,4,858
0.7,4,5,858
0.6,7,2,858
0.5,2,7,859
0.5,3,3,859
0.5,1,4,859
0.5,4,1,859
0.1,10,10,859
0.1,8,3,860
0.1,3,1,860
0.1,9,8,860
0.1,4,2,860
0.1,5,5,860
0.3,9,6,861
0.8,1,7,861
0.5,3,4,861
0.3,7,3,861
0.9,2,10,861
0.2,4,1,862
0.1,3,7,863
0.1,7,6,863
0.1,9,5,863
0.1,10,8,863
0.1,5,2,863
0.5,9,9,864
0.5,1,5,864
0.5,2,4,864
0.5,5,6,864
0.5,10,8,864
0.1,9,8,865
0.1,8,7,865
0.1,3,9,865
0.1,7,4,865
0.1,5,5,865
0.6,4,7,866
0.3,1,5,866
0.8,9,3,866
0.6,2,1,866
0.7,5,2,866
0.7,5,5,867
0.7,2,7,867
0.1,10,1,867
0.5,9,10,867
0.5,4,8,867
0.6,5,7,868
0.7,4,8,868
0.7,1,2,868
0.5,8,6,868
0.3,9,4,868
0.5,7,10,869
0.5,3,1,869
0.5,1,5,869
0.5,2,3,869
0.5,9,4,869
0.8,9,10,870
0.2,6,7,870
0.2,4,5,870
0.2,1,3,870
0.2,2,2,870
0.9,1,10,871
0.6,3,5,871
0.4,5,3,871
0.6,2,4,871
0.4,4,2,871
0.1,10,1,872
0.1,7,6,872
0.7,4,9,872
0.9,9,10,872
0.5,5,4,872
0.3,2,5,873
0.2,9,6,873
0.1,10,9,873
0.5,4,3,873
0.3,6,4,873
0.7,10,4,874
0.2,1,1,874
0.3,2,7,874
0.7,7,6,874
0.4,3,9,874
0.1,10,8,875
0.5,7,5,875
0.3,8,1,875
0.6,3,6,875
0.5,6,4,875
0.7,1,6,876
0.3,9,7,876
0.5,6,5,876
0.8,2,9,876
0.2,8,1,876
0.1,8,8,877
0.6,2,3,877
0.3,5,1,877
0.7,7,7,877
0.5,4,4,877
0.3,1,1,878
0.4,2,5,878
0.1,10,7,878
0.3,3,8,878
0.2,5,3,878
0.5,1,2,879
0.5,3,6,879
0.5,6,8,879
0.9,8,10,879
0.5,7,7,879
0.8,2,5,880
0.5,7,9,880
0.8,1,3,880
0.6,4,7,880
0.3,8,10,880
0.1,8,5,881
0.7,5,6,881
0.1,6,2,881
0.9,2,4,881
0.5,4,8,881
0.7,7,6,882
0.4,4,3,882
0.2,2,1,882
0.8,9,4,882
0.1,1,10,882
0.6,3,2,883
0.6,4,6,883
0.4,10,3,883
0.6,7,4,883
0.4,6,10,883
0.4,10,6,884
0.2,9,3,884
0.8,3,10,884
0.5,6,9,884
0.4,5,7,884
0.9,8,10,885
0.5,2,8,885
0.3,7,7,885
0.8,5,9,885
0.2,4,3,885
0.1,9,4,886
0.1,7,7,886
0.1,6,1,886
0.1,8,5,886
0.1,3,6,886
0.8,4,4,887
0.8,6,5,887
0.9,8,6,887
0.8,5,3,887
0.3,10,8,887
0.4,4,2,888
0.2,9,1,888
0.4,7,5,888
0.8,2,8,888
0.9,1,3,888
0.1,2,9,889
0.1,5,1,889
0.1,4,8,889
0.1,6,2,889
0.1,3,3,889
0.7,9,8,890
0.8,4,9,890
0.7,5,4,890
0.7,1,2,890
0.8,3,6,890
0.5,7,7,891
0.7,1,6,891
0.1,10,5,891
0.6,3,3,891
0.9,9,10,891
0.5,3,8,892
0.5,1,2,892
0.5,9,7,892
0.5,5,1,892
0.5,8,3,892
0.6,3,4,893
0.7,5,3,893
0.8,6,6,893
0.5,1,1,893
0.3,2,10,893
0.9,5,1,894
0.9,7,9,894
0.9,6,2,894
0.9,8,3,894
0.9,4,4,894
0.9,6,6,895
0.5,2,4,895
0.5,7,7,895
0.5,1,3,895
0.5,10,1,895
0.9,5,3,896
0.9,2,1,896
0.9,7,8,896
0.9,4,6,896
0.9,9,9,896
0.2,7,3,897
0.3,2,7,897
0.3,3,6,897
0.5,1,8,897
0.2,8,2,897
0.5,9,8,898
0.9,6,9,898
0.9,3,7,898
0.9,4,10,898
0.9,7,5,898
0.4,7,3,899
0.4,4,8,899
0.4,2,7,899
0.4,5,2,899
0.4,3,6,899
0.5,9,10,900
0.8,2,6,900
0.6,3,1,900
0.8,5,2,900
0.1,10,3,900
0.7,8,5,901
0.2,2,9,901
0.5,5,2,901
0.6,7,1,901
0.9,4,10,901
0.6,8,9,902
0.6,2,1,902
0.6,7,8,902
0.6,6,3,902
0.6,9,7,902
0.9,3,10,903
0.6,6,8,903
0.7,2,6,903
0.4,5,3,903
0.7,4,9,903
0.1,9,5,904
0.9,1,6,904
0.1,4,1,904
0.1,10,4,904
0.9,6,7,904
0.5,10,7,905
0.2,2,9,905
0.7,5,2,905
0.4,9,5,905
0.5,8,6,905
0.5,4,2,906
0.9,1,10,906
0.5,5,5,906
0.7,7,4,906
0.7,8,8,906
0.1,2,8,907
0.1,10,4,907
0.1,1,7,907
0.1,8,9,907
0.1,4,5,907
0.7,4,7,908
0.5,9,9,908
0.6,5,5,908
0.8,1,1,908
0.7,3,10,908
0.9,9,10,909
0.8,2,7,909
0.3,7,2,909
0.8,5,8,909
0.1,10,1,909
0.9,7,10,910
0.5,3,4,910
0.8,2,6,910
0.7,6,8,910
0.6,8,5,910
0.4,4,7,911
0.3,9,4,911
0.3,7,1,911
0.4,5,8,911
0.5,2,3,911
0.2,9,2,912
0.9,2,9,912
0.3,3,3,912
0.5,4,8,912
0.1,10,10,912
0.5,5,10,913
0.7,7,2,913
0.7,8,4,913
0.7,2,9,913
0.7,4,6,913
0.6,3,8,914
0.6,8,10,914
0.6,9,9,914
0.6,2,6,914
0.6,6,4,914
0.6,5,6,915
0.7,1,1,915
0.6,6,8,915
0.1,9,2,915
0.7,2,7,915
0.8,9,3,916
0.3,4,8,916
0.7,8,5,916
0.9,10,4,916
0.4,5,6,916
0.9,9,8,917
0.9,2,1,917
0.9,5,5,917
0.1,10,6,917
0.9,4,3,917
0.4,9,9,918
0.6,1,10,918
0.3,3,3,918
0.1,10,4,918
0.4,6,6,918
0.5,5,4,919
0.5,9,5,919
0.1,10,10,919
0.6,1,7,919
0.3,4,3,919
0.2,1,2,920
0.6,8,8,920
0.6,6,4,920
0.4,5,9,920
0.8,9,6,920
0.7,5,7,921
0.7,7,8,921
0.8,4,5,921
0.7,9,3,921
0.7,8,9,921
0.8,10,1,922
0.7,8,6,922
0.7,1,8,922
0.2,2,3,922
0.4,3,2,922
0.6,7,5,923
0.8,2,7,923
0.7,8,3,923
0.8,6,10,923
0.9,1,9,923
0.7,4,2,924
0.7,2,6,924
0.7,9,4,924
0.2,10,9,924
0.7,8,1,924
0.1,8,9,925
0.9,10,5,925
0.1,3,6,925
0.9,2,10,925
0.1,7,2,925
0.5,4,6,926
0.5,1,4,926
0.5,7,8,926
0.5,5,2,926
0.5,2,3,926
0.4,1,7,927
0.7,9,8,927
0.8,3,2,927
0.8,2,5,927
0.9,10,1,927
0.4,1,8,928
0.6,4,4,928
0.6,3,5,928
0.6,6,7,928
0.6,7,3,928
0.1,10,3,929
0.5,8,8,929
0.2,9,1,929
0.7,1,2,929
0.9,2,5,929
0.3,6,1,930
0.6,4,5,930
0.1,10,9,930
0.8,3,7,930
0.9,2,8,930
0.1,4,2,931
0.1,5,3,931
0.1,8,8,931
0.1,3,1,931
0.9,1,7,931
0.8,3,3,932
0.8,6,8,932
0.6,8,9,932
0.4,5,1,932
0.6,9,7,932
0.6,7,5,933
0.3,3,10,933
0.6,10,1,933
0.4,1,6,933
0.2,2,8,933
0.6,6,3,934
0.3,8,7,934
0.8,2,2,934
0.6,9,9,934
0.5,1,4,934
0.5,7,3,935
0.5,4,7,935
0.1,10,10,935
0.5,9,4,935
0.5,1,6,935
0.2,6,2,936
0.8,9,8,936
0.5,7,1,936
0.8,1,9,936
0.5,5,3,936
0.4,3,4,937
0.4,4,9,937
0.5,8,8,937
0.4,5,3,937
0.5,7,5,937
0.1,10,9,938
0.5,2,3,938
0.5,4,4,938
0.7,1,2,938
0.3,7,6,938
0.7,7,10,939
0.7,5,3,939
0.8,1,8,939
0.7,3,5,939
0.7,2,7,939
0.6,3,6,940
0.5,8,3,940
0.8,1,1,940
0.2,9,7,940
0.9,7,10,940
0.1,5,4,941
0.1,2,3,941
0.1,7,8,941
0.1,3,5,941
0.1,9,1,941
0.1,6,6,942
0.9,7,10,942
0.1,3,1,942
0,9,2,942
0.1,4,7,942
0.2,6,3,943
0.2,9,10,943
0.2,8,5,943
0.2,10,2,943
0.2,2,9,943
0.7,2,8,944
0.3,7,1,944
0.7,1,5,944
0.4,5,3,944
0.4,3,2,944
0.9,1,8,945
0.2,5,6,945
0.7,1,5,946
0.6,4,9,946
0.5,9,7,946
0.6,5,8,946
0.7,2,3,946
0.3,4,8,947
0.3,5,3,947
0.3,10,5,947
0.3,6,7,947
0.3,1,2,947
0.6,2,9,948
0.6,5,4,948
0.4,7,7,948
0.3,6,1,948
0.3,8,3,948
0.8,3,9,949
0.6,6,8,949
0.5,5,10,949
0.2,9,3,949
0.2,7,6,949
0.1,6,7,950
0.1,8,6,950
0.1,2,4,950
0.1,4,5,950
0.9,1,10,950
0.9,8,10,951
0.2,7,1,951
0.5,1,2,951
0.6,3,6,951
0.5,4,5,951
0.8,5,5,952
0.7,9,10,952
0.3,4,4,952
0.5,7,7,952
0.4,3,2,952
0.5,6,8,953
0.5,7,1,953
0.5,10,10,953
0.5,1,4,953
0.5,8,3,953
0.9,3,10,954
0.5,8,2,954
0.5,1,5,954
0.5,2,3,954
0.5,6,8,954
0.2,5,6,955
0.6,3,9,955
0.1,9,5,955
0.9,6,10,955
0.7,4,7,955
0.2,3,3,956
0.2,7,6,956
0.2,4,7,956
0.1,10,1,956
0.2,5,4,956
0.3,3,4,957
0.3,9,2,957
0.5,1,7,957
0.2,4,6,957
0.2,10,1,957
0.6,2,8,958
0.1,10,3,958
0.6,7,4,958
0.9,6,10,958
0.4,8,5,958
0.9,6,10,959
0.1,1,3,959
0.1,7,2,959
0.1,3,6,959
0.1,9,8,959
0.7,5,9,960
0.3,4,2,960
0.1,2,1,960
0.9,3,10,960
0.5,8,7,960
0.6,5,3,961
0.8,7,10,961
0.5,10,2,961
0.6,4,5,961
0.1,1,4,961
0.1,4,2,962
0.2,8,3,962
0.2,6,6,962
0.1,10,5,962
0.1,7,1,962
0.3,9,5,963
0.4,4,3,963
0.1,5,1,963
0.1,10,8,963
0.9,1,7,963
0.8,5,4,964
0.8,4,6,964
0.8,10,10,964
0.8,1,9,964
0.8,7,2,964
0.6,5,1,965
0.9,2,9,965
0.9,3,10,965
0.5,4,4,965
0.9,1,6,965
0.3,6,4,966
0.2,8,3,966
0.5,5,5,966
0.7,2,6,966
0.5,7,2,966
0.4,5,1,967
0.4,8,8,967
0.4,4,2,967
0.4,10,7,967
0.4,6,5,967
0.9,5,1,968
0.1,10,7,968
0.9,1,9,968
0.9,7,10,968
0.9,3,8,968
0.3,8,3,969
0.2,1,2,969
0.4,7,9,969
0.5,5,5,969
0.5,6,8,969
0.2,2,7,970
0.1,8,1,970
0.4,1,9,970
0.5,9,8,970
0.1,10,2,970
0.4,8,2,971
0.3,5,8,971
0.7,2,6,971
0.2,9,9,971
0.3,7,3,971
0.4,6,2,972
0.4,4,9,972
0.6,7,5,972
0.5,5,10,972
0.6,8,7,972
0.7,7,2,973
0.5,4,8,973
0.3,2,5,973
0.7,3,9,973
0.2,10,3,973
0.9,3,2,974
0.9,9,1,974
0.9,8,7,974
0.9,5,5,974
0.9,2,3,974
0.8,1,6,975
0.4,8,4,975
0.6,4,8,975
0.7,2,9,975
0.5,5,7,975
0.1,6,7,976
0.1,1,1,976
0.1,5,4,976
0.1,4,3,976
0.1,3,6,976
0.6,9,9,977
0.6,7,7,977
0.6,1,2,977
0.6,6,5,977
0.6,5,3,977
0.6,7,3,978
0.7,1,9,978
0.9,6,10,978
0.6,5,7,978
0.7,2,8,978
0.6,1,2,979
0.4,5,1,979
0.1,10,8,979
0.8,2,7,979
0.2,8,9,979
0.5,5,2,980
0.5,2,1,980
0.5,8,7,980
0.5,4,4,980
0.5,3,10,980
0.1,9,3,981
0.1,5,2,981
0.1,10,9,981
0.1,8,10,981
0.1,1,7,981
0.7,9,6,982
0.1,10,1,982
0.3,8,2,982
0.7,7,3,982
0.8,4,8,982
0.7,7,9,983
0.3,5,6,983
0.3,10,5,983
0.2,4,1,983
0.3,1,4,983
0.5,8,1,984
0.5,5,3,984
0.5,9,9,984
0.5,2,6,984
0.5,7,7,984
0.1,2,2,985
0.2,4,5,985
0.2,10,3,985
0.2,3,6,985
0.2,7,8,985
0.6,1,5,986
0.5,9,9,986
0.6,5,10,986
0.6,2,3,986
0.6,3,2,986
0.3,3,8,987
0.6,6,7,987
0.7,9,4,987
0.6,8,1,987
0.4,7,10,987
0.1,5,4,988
0.1,7,10,988
0.1,9,2,988
0.1,4,9,988
0.1,3,6,988
0.8,6,8,989
0.2,9,1,989
0.1,10,3,989
0.4,7,4,989
0.9,1,10,989
0.4,5,1,990
0.5,4,7,990
0.2,8,3,990
0.8,1,8,990
0.7,2,4,990
0.1,10,8,991
0.3,8,5,991
0.9,2,10,991
0.2,6,6,991
0.1,7,1,991
0.3,9,5,992
0.2,8,3,992
0.3,2,6,992
0.1,1,1,992
0.6,6,10,992
0.2,10,4,993
0.3,7,1,993
0.4,6,3,993
0.3,9,7,993
0.5,5,5,993
0.9,5,10,994
0.2,8,3,994
0.6,7,9,994
0.8,1,6,994
0.1,10,4,994
0.3,6,3,995
0.5,5,4,995
0.6,3,2,995
0.8,2,6,995
0.9,4,8,995
0.5,4,2,996
0,10,5,996
0.7,6,10,996
0.4,9,6,996
0.5,3,9,996
0.3,6,10,997
0.7,1,8,997
0.3,9,4,997
0.5,7,5,997
0.3,4,3,997
0.4,9,3,998
0.1,10,8,998
0.5,3,5,998
0.6,4,7,998
0.5,2,1,998
0.9,7,4,999
0.9,2,1,999
0.9,1,3,999
0.9,8,2,999
0.9,4,8,999
